id;red;green;blue;choice;date;ip
306;141;89;147;10;2023-04-06 14:10:13;10.229.253.75
307;80;120;211;3;2023-04-06 14:10:17;10.229.253.75
308;139;37;69;2;2023-04-06 14:10:19;10.229.253.75
309;16;45;89;11;2023-04-06 14:10:20;10.229.253.75
310;150;222;242;0;2023-04-06 14:10:37;10.229.253.75
311;14;248;193;5;2023-04-06 14:10:38;10.229.253.34
312;23;196;150;5;2023-04-06 14:10:40;10.229.253.75
313;40;70;89;11;2023-04-06 14:10:43;10.229.253.75
314;34;147;181;3;2023-04-06 14:10:44;10.229.253.75
315;223;218;40;4;2023-04-06 14:10:45;10.229.253.75
316;46;245;0;5;2023-04-06 14:10:46;10.229.253.75
317;5;105;81;13;2023-04-06 14:10:48;10.229.253.75
318;186;165;120;12;2023-04-06 14:10:48;10.229.253.34
319;136;81;170;10;2023-04-06 14:10:50;10.229.253.75
320;242;178;23;1;2023-04-06 14:10:51;10.229.253.75
321;213;112;164;2;2023-04-06 14:10:51;10.229.253.34
322;34;147;48;13;2023-04-06 14:10:52;10.229.253.75
323;61;91;174;11;2023-04-06 14:10:53;10.229.253.34
324;197;206;190;8;2023-04-06 14:10:56;10.229.253.34
325;243;70;83;6;2023-04-06 14:10:56;10.229.253.75
326;254;12;243;2;2023-04-06 14:10:57;10.229.253.34
327;14;217;8;5;2023-04-06 14:10:58;10.229.253.75
328;140;149;141;8;2023-04-06 14:10:59;10.229.253.75
329;112;211;15;5;2023-04-06 14:11:01;10.229.253.75
330;213;165;2;4;2023-04-06 14:11:10;10.229.253.75
331;216;198;45;4;2023-04-06 14:11:10;10.229.253.34
332;123;70;171;10;2023-04-06 14:11:11;10.229.253.34
333;141;181;97;5;2023-04-06 14:11:12;10.229.253.34
334;232;177;243;6;2023-04-06 14:11:13;10.229.253.75
335;86;13;175;10;2023-04-06 14:11:13;10.229.253.34
336;209;53;228;2;2023-04-06 14:11:14;10.229.253.34
337;21;111;102;3;2023-04-06 14:11:15;10.229.253.34
338;100;247;206;3;2023-04-06 14:11:16;10.229.253.34
339;42;175;19;13;2023-04-06 14:11:17;10.229.253.34
340;69;137;63;13;2023-04-06 14:11:18;10.229.253.34
341;17;184;229;3;2023-04-06 14:11:19;10.229.253.75
342;108;31;72;2;2023-04-06 14:11:19;10.229.253.34
343;63;47;188;10;2023-04-06 14:11:21;10.229.253.75
344;246;61;107;6;2023-04-06 14:11:21;10.229.253.34
345;184;101;244;10;2023-04-06 14:11:23;10.229.253.34
346;134;197;193;0;2023-04-06 14:11:23;10.229.253.75
347;133;123;36;4;2023-04-06 14:11:24;10.229.253.34
348;46;178;151;3;2023-04-06 14:11:25;10.229.253.34
349;56;244;250;3;2023-04-06 14:11:27;10.229.253.34
350;77;234;115;5;2023-04-06 14:11:28;10.229.253.34
351;180;9;123;2;2023-04-06 14:11:29;10.229.253.34
352;78;21;122;10;2023-04-06 14:11:30;10.229.253.34
353;33;243;243;3;2023-04-06 14:11:31;10.229.253.34
354;122;198;228;3;2023-04-06 14:11:32;10.229.253.34
355;21;27;167;11;2023-04-06 14:11:33;10.229.253.34
356;43;74;164;11;2023-04-06 14:11:35;10.229.253.34
357;210;88;93;6;2023-04-06 14:11:39;10.229.253.75
358;160;238;198;0;2023-04-06 14:11:41;10.229.253.34
359;0;53;206;11;2023-04-06 14:11:43;10.229.253.34
360;33;173;123;5;2023-04-06 14:11:44;10.229.253.75
361;137;164;201;11;2023-04-06 14:11:44;10.229.253.34
362;170;144;105;1;2023-04-06 14:11:45;10.229.253.34
363;155;194;35;4;2023-04-06 14:11:47;10.229.253.75
364;215;61;103;2;2023-04-06 14:11:48;10.229.253.34
365;25;63;212;11;2023-04-06 14:11:49;10.229.253.34
366;100;12;87;10;2023-04-06 14:11:50;10.229.253.34
367;198;148;6;4;2023-04-06 14:11:50;10.229.253.34
368;108;33;69;10;2023-04-06 14:11:53;10.229.253.34
369;49;206;32;5;2023-04-06 14:11:55;10.229.253.34
370;59;112;118;3;2023-04-06 14:11:57;10.229.253.34
371;105;24;71;2;2023-04-06 14:11:58;10.229.253.75
372;88;108;9;13;2023-04-06 14:12:00;10.229.253.34
373;81;90;129;11;2023-04-06 14:12:01;10.229.253.75
374;168;36;213;10;2023-04-06 14:12:01;10.229.253.34
375;89;177;100;5;2023-04-06 14:12:02;10.229.253.75
376;73;28;163;10;2023-04-06 14:12:03;10.229.253.75
377;64;119;105;3;2023-04-06 14:12:05;10.229.253.34
378;124;105;84;12;2023-04-06 14:12:06;10.229.253.75
379;1;132;2;13;2023-04-06 14:12:07;10.229.253.34
380;199;168;80;4;2023-04-06 14:12:08;10.229.253.75
381;101;244;157;5;2023-04-06 14:12:09;10.229.253.34
382;1;175;121;3;2023-04-06 14:12:11;10.229.253.75
383;167;169;25;4;2023-04-06 14:12:11;10.229.253.34
384;29;75;85;7;2023-04-06 14:12:14;10.229.253.34
385;81;16;75;10;2023-04-06 14:12:16;10.229.253.34
386;195;196;114;4;2023-04-06 14:12:17;10.229.253.34
387;237;5;239;2;2023-04-06 14:12:18;10.229.253.34
388;53;77;100;7;2023-04-06 14:12:21;10.229.253.34
389;229;240;234;0;2023-04-06 14:12:23;10.229.253.34
390;1;175;121;5;2023-04-06 14:12:23;10.229.253.75
391;95;137;206;3;2023-04-06 14:12:25;10.229.253.75
392;59;82;64;13;2023-04-06 14:12:27;10.229.253.34
393;28;16;73;10;2023-04-06 14:12:27;10.229.253.75
394;104;2;50;2;2023-04-06 14:12:28;10.229.253.34
395;200;172;65;4;2023-04-06 14:12:30;10.229.253.34
396;168;168;171;0;2023-04-06 14:12:31;10.229.253.75
397;184;229;16;5;2023-04-06 14:12:32;10.229.253.34
398;39;246;102;5;2023-04-06 14:12:33;10.229.253.34
399;176;53;251;10;2023-04-06 14:12:35;10.229.253.34
400;113;161;126;5;2023-04-06 14:12:36;10.229.253.75
401;141;65;131;10;2023-04-06 14:12:36;10.229.253.34
402;37;139;199;3;2023-04-06 14:12:38;10.229.253.34
403;176;186;220;0;2023-04-06 14:12:39;10.229.253.75
404;84;5;83;10;2023-04-06 14:12:39;10.229.253.34
405;230;211;37;4;2023-04-06 14:12:40;10.229.253.34
406;57;137;226;3;2023-04-06 14:12:40;10.229.253.75
407;153;25;188;2;2023-04-06 14:12:41;10.229.253.34
408;232;224;224;0;2023-04-06 14:12:42;10.229.253.75
409;215;179;36;4;2023-04-06 14:12:42;10.229.253.34
410;74;192;127;5;2023-04-06 14:12:43;10.229.253.34
411;0;191;69;5;2023-04-06 14:12:44;10.229.253.75
412;84;33;86;10;2023-04-06 14:12:45;10.229.253.34
413;207;232;98;4;2023-04-06 14:12:45;10.229.253.75
414;5;180;237;3;2023-04-06 14:12:46;10.229.253.34
415;236;237;180;0;2023-04-06 14:12:47;10.229.253.75
416;49;38;103;10;2023-04-06 14:12:49;10.229.253.34
417;147;155;212;10;2023-04-06 14:12:52;10.229.253.34
418;127;253;190;5;2023-04-06 14:12:57;10.229.253.34
419;179;158;97;4;2023-04-06 14:12:57;10.229.253.75
420;201;216;108;4;2023-04-06 14:12:58;10.229.253.75
421;216;10;221;2;2023-04-06 14:12:59;10.229.253.75
422;101;116;190;3;2023-04-06 14:13:00;10.229.253.75
423;32;117;3;13;2023-04-06 14:13:02;10.229.253.75
424;81;250;246;3;2023-04-06 14:13:03;10.229.253.75
425;101;80;103;7;2023-04-06 14:13:03;10.229.253.34
426;189;103;31;1;2023-04-06 14:13:04;10.229.253.75
427;72;174;250;3;2023-04-06 14:13:05;10.229.253.75
428;202;229;203;0;2023-04-06 14:13:06;10.229.253.75
429;192;5;231;2;2023-04-06 14:13:07;10.229.253.34
430;250;21;128;2;2023-04-06 14:13:08;10.229.253.34
431;96;79;126;10;2023-04-06 14:13:08;10.229.253.75
432;244;236;93;4;2023-04-06 14:13:08;10.229.253.34
433;210;90;45;1;2023-04-06 14:13:09;10.229.253.75
434;44;26;118;10;2023-04-06 14:13:10;10.229.253.75
435;244;218;216;6;2023-04-06 14:13:11;10.229.253.34
436;94;223;185;3;2023-04-06 14:13:11;10.229.253.75
437;3;28;239;11;2023-04-06 14:13:13;10.229.253.75
438;209;253;133;4;2023-04-06 14:13:14;10.229.253.75
439;166;29;218;10;2023-04-06 14:13:15;10.229.253.34
440;201;147;81;1;2023-04-06 14:13:15;10.229.253.75
441;125;4;160;10;2023-04-06 14:13:16;10.229.253.34
442;222;227;137;4;2023-04-06 14:13:17;10.229.253.34
443;173;122;67;12;2023-04-06 14:13:17;10.229.253.75
444;113;113;244;11;2023-04-06 14:13:19;10.229.253.34
445;103;95;129;10;2023-04-06 14:13:19;10.229.253.75
446;140;37;237;10;2023-04-06 14:13:20;10.229.253.34
447;148;134;236;10;2023-04-06 14:13:20;10.229.253.75
448;132;222;253;3;2023-04-06 14:13:21;10.229.253.75
449;11;214;136;3;2023-04-06 14:13:22;10.229.253.34
450;160;162;166;8;2023-04-06 14:13:23;10.229.253.75
451;210;211;10;4;2023-04-06 14:13:23;10.229.253.34
452;7;154;19;13;2023-04-06 14:13:24;10.229.253.75
453;117;193;167;3;2023-04-06 14:13:25;10.229.253.34
454;77;200;115;3;2023-04-06 14:13:26;10.229.253.34
455;5;210;77;5;2023-04-06 14:13:26;10.229.253.75
456;110;190;211;3;2023-04-06 14:13:27;10.229.253.34
457;122;205;8;5;2023-04-06 14:13:28;10.229.253.75
458;182;41;22;14;2023-04-06 14:13:29;10.229.253.34
459;61;10;145;10;2023-04-06 14:13:29;10.229.253.75
460;57;62;109;10;2023-04-06 14:13:30;10.229.253.75
461;245;251;60;4;2023-04-06 14:13:30;10.229.253.34
462;42;211;170;3;2023-04-06 14:13:32;10.229.253.34
463;150;172;193;8;2023-04-06 14:13:32;10.229.253.75
464;232;186;65;4;2023-04-06 14:13:33;10.229.253.34
465;146;166;159;8;2023-04-06 14:13:33;10.229.253.75
466;222;244;113;4;2023-04-06 14:13:34;10.229.253.34
467;26;21;212;11;2023-04-06 14:13:35;10.229.253.75
468;45;106;175;11;2023-04-06 14:13:35;10.229.253.34
469;162;246;163;5;2023-04-06 14:13:36;10.229.253.75
470;168;190;65;4;2023-04-06 14:13:38;10.229.253.34
471;179;92;91;14;2023-04-06 14:13:39;10.229.253.75
472;6;121;156;3;2023-04-06 14:13:39;10.229.253.34
473;144;43;247;10;2023-04-06 14:13:40;10.229.253.34
474;19;23;227;11;2023-04-06 14:13:40;10.229.253.75
475;225;133;46;1;2023-04-06 14:13:41;10.229.253.34
476;36;14;55;10;2023-04-06 14:13:41;10.229.253.75
477;230;27;21;14;2023-04-06 14:13:42;10.229.253.75
478;88;105;211;11;2023-04-06 14:13:43;10.229.253.34
479;128;242;5;5;2023-04-06 14:13:44;10.229.253.75
480;175;215;27;5;2023-04-06 14:13:44;10.229.253.34
481;239;13;243;2;2023-04-06 14:13:46;10.229.253.75
482;102;45;114;10;2023-04-06 14:13:47;10.229.253.75
483;185;137;179;2;2023-04-06 14:13:47;10.229.253.34
484;253;141;136;6;2023-04-06 14:13:49;10.229.253.75
485;130;52;103;2;2023-04-06 14:13:49;10.229.253.34
486;155;233;122;5;2023-04-06 14:13:50;10.229.253.75
487;77;239;186;3;2023-04-06 14:13:50;10.229.253.34
488;23;192;24;5;2023-04-06 14:13:51;10.229.253.75
489;95;43;165;10;2023-04-06 14:13:51;10.229.253.34
490;91;175;33;13;2023-04-06 14:13:52;10.229.253.75
491;61;231;208;3;2023-04-06 14:13:53;10.229.253.75
492;118;30;40;14;2023-04-06 14:13:53;10.229.253.34
493;202;143;4;12;2023-04-06 14:13:55;10.229.253.34
494;23;227;175;5;2023-04-06 14:13:57;10.229.253.75
495;27;165;4;13;2023-04-06 14:13:58;10.229.253.75
496;222;87;218;2;2023-04-06 14:14:00;10.229.253.75
497;81;109;235;11;2023-04-06 14:14:01;10.229.253.75
498;8;84;90;3;2023-04-06 14:14:02;10.229.253.34
499;79;114;150;11;2023-04-06 14:14:02;10.229.253.75
500;124;146;48;13;2023-04-06 14:14:05;10.229.253.34
501;154;159;139;7;2023-04-06 14:14:06;10.229.253.75
502;198;161;223;10;2023-04-06 14:14:06;10.229.253.34
503;194;248;175;5;2023-04-06 14:14:07;10.229.253.75
504;130;95;102;10;2023-04-06 14:14:08;10.229.253.34
505;35;33;242;11;2023-04-06 14:14:09;10.229.253.75
506;110;120;177;11;2023-04-06 14:14:10;10.229.253.34
507;168;234;118;5;2023-04-06 14:14:10;10.229.253.75
508;80;197;1;13;2023-04-06 14:14:11;10.229.253.34
509;10;73;20;13;2023-04-06 14:14:11;10.229.253.75
510;55;40;97;10;2023-04-06 14:14:12;10.229.253.75
511;79;70;103;10;2023-04-06 14:14:13;10.229.253.75
512;212;82;159;2;2023-04-06 14:14:14;10.229.253.75
513;121;125;247;11;2023-04-06 14:14:15;10.229.253.34
514;198;51;151;2;2023-04-06 14:14:15;10.229.253.75
515;1;203;6;5;2023-04-06 14:14:16;10.229.253.34
516;152;249;133;5;2023-04-06 14:14:17;10.229.253.75
517;153;232;8;5;2023-04-06 14:14:17;10.229.253.34
518;238;16;175;2;2023-04-06 14:14:18;10.229.253.34
519;96;57;59;12;2023-04-06 14:14:19;10.229.253.75
520;154;208;51;5;2023-04-06 14:14:21;10.229.253.75
521;210;240;13;5;2023-04-06 14:14:22;10.229.253.34
522;129;11;157;10;2023-04-06 14:14:22;10.229.253.75
523;248;37;6;14;2023-04-06 14:14:23;10.229.253.34
524;184;25;122;2;2023-04-06 14:14:24;10.229.253.75
525;104;75;204;10;2023-04-06 14:14:25;10.229.253.75
526;49;209;65;5;2023-04-06 14:14:26;10.229.253.75
527;107;229;83;5;2023-04-06 14:14:27;10.229.253.75
528;171;152;205;10;2023-04-06 14:14:27;10.229.253.34
529;39;141;33;13;2023-04-06 14:14:28;10.229.253.75
530;54;112;29;13;2023-04-06 14:14:28;10.229.253.34
531;198;68;130;2;2023-04-06 14:14:29;10.229.253.75
532;33;96;180;11;2023-04-06 14:14:29;10.229.253.34
533;68;193;155;11;2023-04-06 14:14:29;10.229.253.34
534;169;24;159;2;2023-04-06 14:14:30;10.229.253.75
535;81;221;175;3;2023-04-06 14:14:31;10.229.253.75
536;64;159;165;3;2023-04-06 14:14:32;10.229.253.75
537;216;76;73;14;2023-04-06 14:14:33;10.229.253.34
538;125;170;74;5;2023-04-06 14:14:34;10.229.253.75
539;193;163;94;4;2023-04-06 14:14:35;10.229.253.34
540;37;21;166;11;2023-04-06 14:14:36;10.229.253.34
541;59;59;42;12;2023-04-06 14:14:37;10.229.253.75
542;144;61;247;10;2023-04-06 14:14:38;10.229.253.34
543;137;226;228;3;2023-04-06 14:14:38;10.229.253.75
544;19;144;140;3;2023-04-06 14:14:39;10.229.253.34
545;78;48;11;12;2023-04-06 14:14:39;10.229.253.75
546;125;51;254;10;2023-04-06 14:14:40;10.229.253.34
547;68;25;110;10;2023-04-06 14:14:40;10.229.253.75
548;132;33;155;10;2023-04-06 14:14:41;10.229.253.34
549;119;44;62;2;2023-04-06 14:14:42;10.229.253.75
550;64;106;166;11;2023-04-06 14:14:42;10.229.253.34
551;117;158;84;13;2023-04-06 14:14:43;10.229.253.75
552;150;22;141;2;2023-04-06 14:14:44;10.229.253.34
553;243;204;65;4;2023-04-06 14:14:45;10.229.253.34
554;52;7;5;15;2023-04-06 14:14:46;10.229.253.75
555;158;206;136;5;2023-04-06 14:14:48;10.229.253.75
556;173;19;209;2;2023-04-06 14:14:49;10.229.253.75
557;51;101;43;13;2023-04-06 14:14:54;10.229.253.75
558;152;204;171;8;2023-04-06 14:14:55;10.229.253.34
559;166;112;93;1;2023-04-06 14:14:56;10.229.253.75
560;214;99;176;2;2023-04-06 14:14:57;10.229.253.34
561;231;19;97;2;2023-04-06 14:14:57;10.229.253.75
562;61;173;8;13;2023-04-06 14:14:58;10.229.253.34
563;97;22;78;10;2023-04-06 14:14:58;10.229.253.75
564;186;99;188;2;2023-04-06 14:14:59;10.229.253.34
565;203;169;12;4;2023-04-06 14:14:59;10.229.253.75
566;7;180;54;13;2023-04-06 14:15:00;10.229.253.75
567;204;128;120;1;2023-04-06 14:15:00;10.229.253.34
568;238;60;211;2;2023-04-06 14:15:01;10.229.253.75
569;99;143;104;13;2023-04-06 14:15:04;10.229.253.34
570;206;158;229;0;2023-04-06 14:15:05;10.229.253.75
571;65;66;69;15;2023-04-06 14:15:06;10.229.253.34
572;201;123;120;1;2023-04-06 14:15:06;10.229.253.75
573;238;52;249;2;2023-04-06 14:15:07;10.229.253.34
574;48;51;236;11;2023-04-06 14:15:08;10.229.253.75
575;36;94;131;11;2023-04-06 14:15:08;10.229.253.34
576;246;245;73;4;2023-04-06 14:15:09;10.229.253.34
577;252;182;135;4;2023-04-06 14:15:10;10.229.253.75
578;41;179;243;3;2023-04-06 14:15:10;10.229.253.34
579;50;190;63;5;2023-04-06 14:15:12;10.229.253.34
580;105;95;105;7;2023-04-06 14:15:12;10.229.253.75
581;240;73;100;2;2023-04-06 14:15:13;10.229.253.34
582;154;134;108;8;2023-04-06 14:15:14;10.229.253.75
583;194;72;55;1;2023-04-06 14:15:16;10.229.253.75
584;185;94;157;2;2023-04-06 14:15:51;10.229.253.75
585;70;233;228;3;2023-04-06 14:15:51;10.229.253.34
586;200;28;33;14;2023-04-06 14:15:52;10.229.253.75
587;26;134;241;3;2023-04-06 14:15:53;10.229.253.75
588;234;85;84;6;2023-04-06 14:15:53;10.229.253.34
589;102;138;25;13;2023-04-06 14:15:55;10.229.253.34
590;106;116;141;8;2023-04-06 14:15:55;10.229.253.75
591;3;95;199;11;2023-04-06 14:15:55;10.229.253.34
592;34;245;37;5;2023-04-06 14:15:56;10.229.253.75
593;192;131;34;12;2023-04-06 14:15:59;10.229.253.34
594;61;13;191;11;2023-04-06 14:16:01;10.229.253.34
595;144;153;10;5;2023-04-06 14:16:03;10.229.253.34
596;5;116;72;13;2023-04-06 14:16:05;10.229.253.34
597;172;38;195;10;2023-04-06 14:16:06;10.229.253.34
598;27;178;9;13;2023-04-06 14:16:07;10.229.253.34
599;53;42;188;11;2023-04-06 14:16:09;10.229.253.34
600;101;100;232;11;2023-04-06 14:16:10;10.229.253.34
601;125;63;134;10;2023-04-06 14:16:11;10.229.253.75
602;85;28;63;10;2023-04-06 14:16:12;10.229.253.34
603;179;133;19;1;2023-04-06 14:16:13;10.229.253.75
604;219;225;24;4;2023-04-06 14:16:14;10.229.253.34
605;87;188;99;13;2023-04-06 14:16:15;10.229.253.34
606;111;90;84;7;2023-04-06 14:16:16;10.229.253.75
607;145;147;152;8;2023-04-06 14:16:16;10.229.253.34
608;84;182;166;3;2023-04-06 14:16:17;10.229.253.75
609;210;78;156;2;2023-04-06 14:16:18;10.229.253.34
610;110;61;46;12;2023-04-06 14:16:18;10.229.253.75
611;39;249;6;5;2023-04-06 14:16:19;10.229.253.75
612;34;253;31;5;2023-04-06 14:16:20;10.229.253.75
613;47;179;61;5;2023-04-06 14:16:20;10.229.253.34
614;181;135;215;10;2023-04-06 14:16:21;10.229.253.75
615;192;194;36;4;2023-04-06 14:16:21;10.229.253.34
616;32;191;174;3;2023-04-06 14:16:22;10.229.253.34
617;62;119;84;13;2023-04-06 14:16:22;10.229.253.75
618;67;146;99;13;2023-04-06 14:16:24;10.229.253.75
619;74;53;247;11;2023-04-06 14:16:24;10.229.253.34
620;111;178;39;5;2023-04-06 14:16:25;10.229.253.75
621;201;110;23;1;2023-04-06 14:16:26;10.229.253.75
622;26;180;161;3;2023-04-06 14:16:26;10.229.253.34
623;54;130;81;13;2023-04-06 14:16:27;10.229.253.75
624;3;242;137;5;2023-04-06 14:16:28;10.229.253.34
625;200;230;0;4;2023-04-06 14:16:28;10.229.253.34
626;208;173;177;0;2023-04-06 14:16:29;10.229.253.75
627;219;243;45;4;2023-04-06 14:16:29;10.229.253.34
628;26;197;165;3;2023-04-06 14:16:31;10.229.253.34
629;239;157;252;2;2023-04-06 14:16:32;10.229.253.75
630;79;130;47;13;2023-04-06 14:16:32;10.229.253.34
631;184;66;70;2;2023-04-06 14:16:34;10.229.253.34
632;174;233;201;0;2023-04-06 14:16:35;10.229.253.75
633;147;232;73;5;2023-04-06 14:16:35;10.229.253.34
634;218;43;168;2;2023-04-06 14:16:36;10.229.253.75
635;11;190;14;13;2023-04-06 14:16:37;10.229.253.75
636;182;155;109;12;2023-04-06 14:16:38;10.229.253.34
637;77;214;245;3;2023-04-06 14:16:38;10.229.253.75
638;195;145;167;6;2023-04-06 14:16:39;10.229.253.75
639;124;181;197;3;2023-04-06 14:16:40;10.229.253.34
640;99;161;122;5;2023-04-06 14:16:41;10.229.253.75
641;3;87;214;11;2023-04-06 14:16:43;10.229.253.75
642;150;89;79;12;2023-04-06 14:16:44;10.229.253.34
643;200;35;149;2;2023-04-06 14:16:44;10.229.253.75
644;208;23;148;2;2023-04-06 14:16:45;10.229.253.34
645;242;0;205;2;2023-04-06 14:16:46;10.229.253.34
646;68;76;99;7;2023-04-06 14:16:46;10.229.253.75
647;82;108;229;11;2023-04-06 14:16:47;10.229.253.75
648;112;29;97;10;2023-04-06 14:16:49;10.229.253.75
649;0;87;52;13;2023-04-06 14:16:50;10.229.253.75
650;166;55;136;2;2023-04-06 14:16:51;10.229.253.75
651;201;14;159;2;2023-04-06 14:16:52;10.229.253.75
652;129;161;204;11;2023-04-06 14:16:52;10.229.253.34
653;227;97;180;2;2023-04-06 14:16:54;10.229.253.34
654;81;58;227;11;2023-04-06 14:16:54;10.229.253.75
655;209;129;5;1;2023-04-06 14:16:55;10.229.253.75
656;1;4;34;15;2023-04-06 14:16:55;10.229.253.34
657;97;10;69;10;2023-04-06 14:16:58;10.229.253.34
658;146;141;136;8;2023-04-06 14:17:00;10.229.253.75
659;146;141;136;8;2023-04-06 14:17:00;10.229.253.75
660;146;141;136;8;2023-04-06 14:17:01;10.229.253.75
661;244;126;75;1;2023-04-06 14:17:15;10.229.253.75
662;244;126;75;1;2023-04-06 14:17:16;10.229.253.75
663;70;93;213;11;2023-04-06 14:17:20;10.229.253.34
664;125;63;2;12;2023-04-06 14:17:22;10.229.253.34
665;106;122;232;11;2023-04-06 14:17:23;10.229.253.34
666;228;240;68;4;2023-04-06 14:17:24;10.229.253.75
667;59;69;243;11;2023-04-06 14:17:25;10.229.253.75
668;193;75;137;2;2023-04-06 14:17:28;10.229.253.75
669;233;69;148;2;2023-04-06 14:17:34;10.229.253.34
670;155;53;30;14;2023-04-06 14:17:36;10.229.253.34
671;103;48;161;10;2023-04-06 14:17:37;10.229.253.75
672;12;55;170;11;2023-04-06 14:17:38;10.229.253.34
673;207;14;162;2;2023-04-06 14:17:39;10.229.253.34
674;71;17;227;11;2023-04-06 14:17:40;10.229.253.75
675;194;232;142;5;2023-04-06 14:17:41;10.229.253.34
676;61;135;161;3;2023-04-06 14:17:42;10.229.253.75
677;65;215;232;3;2023-04-06 14:17:42;10.229.253.34
678;104;94;114;8;2023-04-06 14:17:43;10.229.253.75
679;122;82;46;12;2023-04-06 14:17:44;10.229.253.34
680;36;167;136;13;2023-04-06 14:17:44;10.229.253.75
681;56;94;83;13;2023-04-06 14:17:45;10.229.253.75
682;51;115;156;11;2023-04-06 14:17:45;10.229.253.34
683;52;164;35;5;2023-04-06 14:17:46;10.229.253.75
684;19;72;21;13;2023-04-06 14:17:46;10.229.253.34
685;9;205;242;3;2023-04-06 14:17:47;10.229.253.34
686;45;157;131;3;2023-04-06 14:17:49;10.229.253.34
687;96;118;80;8;2023-04-06 14:17:49;10.229.253.75
688;209;148;56;4;2023-04-06 14:17:49;10.229.253.34
689;222;59;3;1;2023-04-06 14:17:50;10.229.253.75
690;206;172;16;4;2023-04-06 14:17:50;10.229.253.75
691;218;175;117;4;2023-04-06 14:17:52;10.229.253.34
692;117;195;81;5;2023-04-06 14:17:52;10.229.253.75
693;172;21;147;2;2023-04-06 14:17:53;10.229.253.34
694;19;194;227;3;2023-04-06 14:17:53;10.229.253.75
695;244;223;67;4;2023-04-06 14:17:54;10.229.253.75
696;180;196;219;0;2023-04-06 14:17:55;10.229.253.34
697;246;0;118;2;2023-04-06 14:17:56;10.229.253.75
698;110;162;43;5;2023-04-06 14:17:56;10.229.253.34
699;250;140;138;6;2023-04-06 14:17:58;10.229.253.34
700;29;96;187;11;2023-04-06 14:17:59;10.229.253.34
701;86;136;117;5;2023-04-06 14:18:00;10.229.253.75
702;83;52;172;10;2023-04-06 14:18:01;10.229.253.75
703;133;166;42;13;2023-04-06 14:18:01;10.229.253.34
704;128;207;208;13;2023-04-06 14:18:01;10.229.253.34
705;10;223;178;3;2023-04-06 14:18:03;10.229.253.75
706;230;93;70;1;2023-04-06 14:18:04;10.229.253.75
707;243;47;42;14;2023-04-06 14:18:05;10.229.253.34
708;165;101;24;1;2023-04-06 14:18:05;10.229.253.75
709;235;26;117;2;2023-04-06 14:18:06;10.229.253.75
710;74;82;104;7;2023-04-06 14:18:07;10.229.253.34
711;79;240;105;5;2023-04-06 14:18:07;10.229.253.75
712;142;220;124;5;2023-04-06 14:18:09;10.229.253.34
713;87;23;151;10;2023-04-06 14:18:09;10.229.253.34
714;31;41;16;15;2023-04-06 14:18:09;10.229.253.75
715;196;137;44;1;2023-04-06 14:18:12;10.229.253.34
716;238;56;81;6;2023-04-06 14:18:12;10.229.253.75
717;8;125;214;11;2023-04-06 14:18:13;10.229.253.75
718;92;120;105;8;2023-04-06 14:18:14;10.229.253.34
719;85;30;132;10;2023-04-06 14:18:14;10.229.253.75
720;165;33;85;2;2023-04-06 14:18:15;10.229.253.34
721;146;246;158;0;2023-04-06 14:18:16;10.229.253.75
722;2;132;148;3;2023-04-06 14:18:16;10.229.253.34
723;100;193;92;5;2023-04-06 14:18:17;10.229.253.75
724;2;84;21;13;2023-04-06 14:18:18;10.229.253.34
725;37;118;4;13;2023-04-06 14:18:19;10.229.253.34
726;133;145;42;12;2023-04-06 14:18:21;10.229.253.75
727;72;243;140;5;2023-04-06 14:18:22;10.229.253.34
728;162;69;118;2;2023-04-06 14:18:22;10.229.253.75
729;196;197;37;4;2023-04-06 14:18:23;10.229.253.34
730;108;64;250;10;2023-04-06 14:18:23;10.229.253.75
731;173;39;172;2;2023-04-06 14:18:24;10.229.253.34
732;68;173;140;3;2023-04-06 14:18:26;10.229.253.75
733;83;82;52;7;2023-04-06 14:18:26;10.229.253.34
734;21;160;66;13;2023-04-06 14:18:27;10.229.253.75
735;164;41;118;2;2023-04-06 14:18:28;10.229.253.75
736;157;66;229;10;2023-04-06 14:18:29;10.229.253.75
737;80;206;132;5;2023-04-06 14:18:30;10.229.253.34
738;29;160;188;3;2023-04-06 14:18:30;10.229.253.75
739;222;151;182;6;2023-04-06 14:18:32;10.229.253.75
740;166;226;131;5;2023-04-06 14:18:32;10.229.253.34
741;74;152;217;11;2023-04-06 14:18:33;10.229.253.75
742;110;35;254;10;2023-04-06 14:18:34;10.229.253.34
743;223;53;65;14;2023-04-06 14:18:35;10.229.253.75
744;181;143;29;1;2023-04-06 14:18:36;10.229.253.75
745;120;194;249;3;2023-04-06 14:18:38;10.229.253.75
746;172;153;107;12;2023-04-06 14:18:39;10.229.253.34
747;74;104;249;11;2023-04-06 14:18:40;10.229.253.75
748;138;246;245;3;2023-04-06 14:18:40;10.229.253.34
749;236;115;49;1;2023-04-06 14:18:41;10.229.253.75
750;80;238;78;5;2023-04-06 14:18:42;10.229.253.34
751;33;205;205;3;2023-04-06 14:18:42;10.229.253.75
752;3;181;49;5;2023-04-06 14:18:43;10.229.253.34
753;47;127;78;13;2023-04-06 14:18:43;10.229.253.75
754;76;4;119;10;2023-04-06 14:18:44;10.229.253.34
755;213;33;7;14;2023-04-06 14:18:44;10.229.253.75
756;28;141;121;3;2023-04-06 14:18:45;10.229.253.34
757;172;120;198;10;2023-04-06 14:18:45;10.229.253.75
758;165;32;216;10;2023-04-06 14:18:46;10.229.253.34
759;154;74;171;10;2023-04-06 14:18:46;10.229.253.75
760;217;175;56;4;2023-04-06 14:18:47;10.229.253.75
761;173;243;122;5;2023-04-06 14:18:49;10.229.253.75
762;123;208;225;3;2023-04-06 14:18:49;10.229.253.34
763;250;162;28;1;2023-04-06 14:18:50;10.229.253.34
764;244;17;181;2;2023-04-06 14:18:51;10.229.253.75
765;176;187;202;8;2023-04-06 14:18:52;10.229.253.34
766;69;159;7;13;2023-04-06 14:18:52;10.229.253.75
767;248;250;13;4;2023-04-06 14:18:53;10.229.253.75
768;217;98;2;1;2023-04-06 14:18:54;10.229.253.34
769;213;99;142;6;2023-04-06 14:18:55;10.229.253.75
770;250;52;19;14;2023-04-06 14:18:56;10.229.253.34
771;40;99;194;11;2023-04-06 14:18:58;10.229.253.75
772;170;0;62;2;2023-04-06 14:19:00;10.229.253.34
773;30;198;153;3;2023-04-06 14:19:14;10.229.253.34
774;66;151;221;11;2023-04-06 14:19:15;10.229.253.34
775;2;155;47;13;2023-04-06 14:19:16;10.229.253.34
776;203;81;193;2;2023-04-06 14:19:18;10.229.253.75
777;241;155;205;6;2023-04-06 14:19:19;10.229.253.75
778;102;9;64;10;2023-04-06 14:19:19;10.229.253.34
779;241;155;205;6;2023-04-06 14:19:20;10.229.253.75
780;193;10;151;2;2023-04-06 14:19:20;10.229.253.34
781;177;34;117;2;2023-04-06 14:19:21;10.229.253.75
782;61;61;157;10;2023-04-06 14:19:21;10.229.253.34
783;204;65;68;1;2023-04-06 14:19:22;10.229.253.75
784;89;148;230;3;2023-04-06 14:19:23;10.229.253.75
785;174;58;60;14;2023-04-06 14:19:23;10.229.253.34
786;230;95;138;6;2023-04-06 14:19:25;10.229.253.34
787;43;153;137;3;2023-04-06 14:19:26;10.229.253.34
788;242;240;58;4;2023-04-06 14:19:27;10.229.253.34
789;121;59;81;12;2023-04-06 14:19:28;10.229.253.75
790;186;148;253;10;2023-04-06 14:19:30;10.229.253.34
791;54;253;229;3;2023-04-06 14:19:31;10.229.253.34
792;142;10;161;10;2023-04-06 14:19:33;10.229.253.34
793;205;101;13;1;2023-04-06 14:19:34;10.229.253.34
794;89;52;180;10;2023-04-06 14:19:35;10.229.253.34
795;211;128;135;6;2023-04-06 14:19:38;10.229.253.34
796;214;177;132;0;2023-04-06 14:19:41;10.229.253.75
797;218;118;27;1;2023-04-06 14:19:42;10.229.253.75
798;2;24;36;15;2023-04-06 14:19:47;10.229.253.75
799;232;216;180;0;2023-04-06 14:19:50;10.229.253.34
800;213;55;88;2;2023-04-06 14:19:56;10.229.253.75
801;242;211;162;1;2023-04-06 14:19:56;10.229.253.34
802;136;177;243;3;2023-04-06 14:19:57;10.229.253.75
803;163;85;31;12;2023-04-06 14:19:58;10.229.253.34
804;130;180;125;5;2023-04-06 14:19:59;10.229.253.75
805;211;131;90;1;2023-04-06 14:19:59;10.229.253.34
806;115;74;4;12;2023-04-06 14:20:00;10.229.253.34
807;168;4;148;2;2023-04-06 14:20:01;10.229.253.75
808;120;236;252;3;2023-04-06 14:20:01;10.229.253.34
809;198;177;52;4;2023-04-06 14:20:02;10.229.253.75
810;211;154;242;6;2023-04-06 14:20:03;10.229.253.75
811;126;200;123;5;2023-04-06 14:20:03;10.229.253.34
812;5;81;46;13;2023-04-06 14:20:04;10.229.253.75
813;76;41;28;12;2023-04-06 14:20:04;10.229.253.34
814;190;124;163;6;2023-04-06 14:20:06;10.229.253.75
815;123;154;206;11;2023-04-06 14:20:06;10.229.253.34
816;8;112;71;13;2023-04-06 14:20:07;10.229.253.75
817;120;233;201;3;2023-04-06 14:20:07;10.229.253.34
818;200;237;43;4;2023-04-06 14:20:08;10.229.253.75
819;109;127;246;11;2023-04-06 14:20:08;10.229.253.34
820;154;231;111;5;2023-04-06 14:20:08;10.229.253.75
821;246;42;224;2;2023-04-06 14:20:09;10.229.253.34
822;154;46;240;10;2023-04-06 14:20:09;10.229.253.75
823;141;56;217;10;2023-04-06 14:20:10;10.229.253.75
824;223;141;174;6;2023-04-06 14:20:10;10.229.253.34
825;231;65;116;2;2023-04-06 14:20:11;10.229.253.34
826;215;213;136;4;2023-04-06 14:20:11;10.229.253.75
827;16;33;219;11;2023-04-06 14:20:12;10.229.253.34
828;141;33;80;2;2023-04-06 14:20:12;10.229.253.75
829;251;150;46;1;2023-04-06 14:20:13;10.229.253.34
830;155;188;53;5;2023-04-06 14:20:14;10.229.253.75
831;211;173;89;4;2023-04-06 14:20:16;10.229.253.75
832;224;30;249;6;2023-04-06 14:20:16;10.229.253.75
833;127;230;194;3;2023-04-06 14:20:18;10.229.253.75
834;211;195;12;4;2023-04-06 14:20:19;10.229.253.75
835;114;0;205;10;2023-04-06 14:20:20;10.229.253.75
836;144;68;238;10;2023-04-06 14:20:20;10.229.253.75
837;111;138;118;8;2023-04-06 14:20:21;10.229.253.34
838;54;49;231;11;2023-04-06 14:20:21;10.229.253.75
839;172;56;35;14;2023-04-06 14:20:23;10.229.253.34
840;44;49;25;13;2023-04-06 14:20:23;10.229.253.75
841;230;0;191;2;2023-04-06 14:20:24;10.229.253.34
842;99;201;112;5;2023-04-06 14:20:24;10.229.253.75
843;163;4;239;10;2023-04-06 14:20:25;10.229.253.34
844;5;2;220;11;2023-04-06 14:20:25;10.229.253.75
845;26;56;244;11;2023-04-06 14:20:26;10.229.253.75
846;218;93;134;2;2023-04-06 14:20:26;10.229.253.34
847;102;73;236;10;2023-04-06 14:20:27;10.229.253.34
848;169;43;93;2;2023-04-06 14:20:27;10.229.253.75
849;74;180;61;13;2023-04-06 14:20:28;10.229.253.34
850;16;50;240;11;2023-04-06 14:20:28;10.229.253.75
851;245;135;172;2;2023-04-06 14:20:29;10.229.253.34
852;131;37;151;10;2023-04-06 14:20:30;10.229.253.75
853;186;85;134;2;2023-04-06 14:20:30;10.229.253.34
854;221;96;97;2;2023-04-06 14:20:31;10.229.253.34
855;130;139;178;3;2023-04-06 14:20:31;10.229.253.75
856;63;125;186;3;2023-04-06 14:20:32;10.229.253.34
857;120;25;175;10;2023-04-06 14:20:33;10.229.253.34
858;170;135;132;0;2023-04-06 14:20:33;10.229.253.75
859;154;189;158;0;2023-04-06 14:20:34;10.229.253.75
860;198;44;47;14;2023-04-06 14:20:36;10.229.253.75
861;27;218;135;5;2023-04-06 14:20:36;10.229.253.34
862;40;225;159;5;2023-04-06 14:20:37;10.229.253.75
863;94;189;220;3;2023-04-06 14:20:38;10.229.253.34
864;214;96;173;2;2023-04-06 14:20:39;10.229.253.75
865;183;239;10;5;2023-04-06 14:20:41;10.229.253.75
866;7;14;57;11;2023-04-06 14:20:42;10.229.253.34
867;63;160;85;13;2023-04-06 14:20:42;10.229.253.75
868;83;50;96;10;2023-04-06 14:20:42;10.229.253.75
869;7;14;57;11;2023-04-06 14:20:43;10.229.253.34
870;213;3;104;2;2023-04-06 14:20:43;10.229.253.75
871;37;23;118;11;2023-04-06 14:20:44;10.229.253.34
872;11;249;182;3;2023-04-06 14:20:45;10.229.253.75
873;59;233;121;5;2023-04-06 14:20:45;10.229.253.34
874;46;60;123;11;2023-04-06 14:20:46;10.229.253.75
875;232;176;230;6;2023-04-06 14:20:48;10.229.253.75
876;96;77;84;8;2023-04-06 14:20:48;10.229.253.34
877;60;143;10;13;2023-04-06 14:20:49;10.229.253.75
878;59;94;187;11;2023-04-06 14:20:49;10.229.253.34
879;79;34;19;14;2023-04-06 14:20:50;10.229.253.75
880;222;232;36;4;2023-04-06 14:20:50;10.229.253.34
881;239;2;41;14;2023-04-06 14:20:51;10.229.253.75
882;223;158;240;6;2023-04-06 14:20:53;10.229.253.75
883;210;172;170;6;2023-04-06 14:20:55;10.229.253.34
884;96;161;46;13;2023-04-06 14:20:55;10.229.253.75
885;111;24;103;10;2023-04-06 14:20:56;10.229.253.34
886;130;89;31;12;2023-04-06 14:20:58;10.229.253.34
887;83;108;97;8;2023-04-06 14:20:58;10.229.253.75
888;134;18;2;14;2023-04-06 14:20:59;10.229.253.34
889;124;181;56;5;2023-04-06 14:21:00;10.229.253.75
890;219;14;53;14;2023-04-06 14:21:02;10.229.253.75
891;158;250;180;5;2023-04-06 14:21:04;10.229.253.34
892;29;93;197;11;2023-04-06 14:21:04;10.229.253.75
893;44;199;119;5;2023-04-06 14:21:06;10.229.253.34
894;29;184;96;13;2023-04-06 14:21:08;10.229.253.34
895;56;100;185;11;2023-04-06 14:21:09;10.229.253.34
896;76;64;9;12;2023-04-06 14:21:11;10.229.253.34
897;103;28;232;10;2023-04-06 14:21:12;10.229.253.34
898;164;52;74;2;2023-04-06 14:21:12;10.229.253.75
899;30;88;253;3;2023-04-06 14:21:13;10.229.253.75
900;191;18;123;2;2023-04-06 14:21:14;10.229.253.34
901;53;215;181;3;2023-04-06 14:21:15;10.229.253.75
902;88;192;207;3;2023-04-06 14:21:15;10.229.253.34
903;34;54;174;11;2023-04-06 14:21:16;10.229.253.34
904;129;68;2;12;2023-04-06 14:21:17;10.229.253.75
905;105;27;21;14;2023-04-06 14:21:18;10.229.253.75
906;167;150;169;8;2023-04-06 14:21:19;10.229.253.34
907;126;49;203;10;2023-04-06 14:21:20;10.229.253.34
908;218;131;76;1;2023-04-06 14:21:20;10.229.253.75
909;69;156;1;13;2023-04-06 14:21:22;10.229.253.34
910;175;11;48;14;2023-04-06 14:21:22;10.229.253.75
911;113;139;30;13;2023-04-06 14:21:23;10.229.253.34
912;237;249;114;4;2023-04-06 14:21:23;10.229.253.75
913;143;132;207;10;2023-04-06 14:21:24;10.229.253.75
914;170;204;98;5;2023-04-06 14:21:25;10.229.253.34
915;103;253;202;3;2023-04-06 14:21:25;10.229.253.75
916;204;96;31;1;2023-04-06 14:21:26;10.229.253.34
917;144;144;180;8;2023-04-06 14:21:27;10.229.253.75
918;13;164;33;13;2023-04-06 14:21:28;10.229.253.75
919;140;145;34;4;2023-04-06 14:21:31;10.229.253.75
920;205;56;89;2;2023-04-06 14:21:34;10.229.253.75
921;148;136;239;10;2023-04-06 14:21:37;10.229.253.75
922;52;0;164;11;2023-04-06 14:21:38;10.229.253.75
923;108;84;223;10;2023-04-06 14:21:39;10.229.253.75
924;236;188;88;4;2023-04-06 14:21:40;10.229.253.34
925;0;232;240;3;2023-04-06 14:21:41;10.229.253.75
926;122;27;36;2;2023-04-06 14:21:42;10.229.253.34
927;115;86;242;10;2023-04-06 14:21:43;10.229.253.34
928;231;103;100;1;2023-04-06 14:21:44;10.229.253.75
929;118;60;48;12;2023-04-06 14:21:46;10.229.253.34
930;113;122;169;8;2023-04-06 14:21:47;10.229.253.75
931;62;128;3;13;2023-04-06 14:21:48;10.229.253.75
932;179;2;230;2;2023-04-06 14:21:48;10.229.253.34
933;55;72;220;11;2023-04-06 14:21:49;10.229.253.75
934;106;126;104;8;2023-04-06 14:21:50;10.229.253.34
935;101;156;213;11;2023-04-06 14:21:50;10.229.253.75
936;10;188;170;3;2023-04-06 14:21:51;10.229.253.34
937;113;184;177;3;2023-04-06 14:21:52;10.229.253.75
938;205;248;143;5;2023-04-06 14:21:52;10.229.253.34
939;163;31;136;2;2023-04-06 14:21:53;10.229.253.75
940;31;206;87;13;2023-04-06 14:21:53;10.229.253.34
941;137;20;133;10;2023-04-06 14:21:54;10.229.253.34
942;187;101;98;6;2023-04-06 14:21:55;10.229.253.75
943;214;157;12;4;2023-04-06 14:21:56;10.229.253.34
944;5;146;145;3;2023-04-06 14:21:56;10.229.253.75
945;7;54;76;11;2023-04-06 14:21:57;10.229.253.75
946;202;142;170;6;2023-04-06 14:21:58;10.229.253.34
947;47;133;135;3;2023-04-06 14:21:58;10.229.253.75
948;235;66;196;2;2023-04-06 14:22:00;10.229.253.75
949;132;10;191;10;2023-04-06 14:22:01;10.229.253.75
950;200;205;139;0;2023-04-06 14:22:03;10.229.253.34
951;189;229;11;4;2023-04-06 14:22:03;10.229.253.75
952;211;25;224;2;2023-04-06 14:22:04;10.229.253.34
953;38;42;50;7;2023-04-06 14:22:05;10.229.253.75
954;137;143;102;8;2023-04-06 14:22:06;10.229.253.34
955;84;231;243;3;2023-04-06 14:22:07;10.229.253.34
956;188;189;178;0;2023-04-06 14:22:07;10.229.253.75
957;228;24;80;2;2023-04-06 14:22:08;10.229.253.34
958;33;119;125;3;2023-04-06 14:22:08;10.229.253.75
959;216;98;29;1;2023-04-06 14:22:10;10.229.253.34
960;252;125;217;2;2023-04-06 14:22:11;10.229.253.75
961;175;59;241;2;2023-04-06 14:22:11;10.229.253.75
962;126;109;91;8;2023-04-06 14:22:12;10.229.253.34
963;161;1;158;10;2023-04-06 14:22:12;10.229.253.75
964;238;141;220;6;2023-04-06 14:22:14;10.229.253.34
965;45;170;220;3;2023-04-06 14:22:15;10.229.253.34
966;222;224;74;4;2023-04-06 14:22:16;10.229.253.34
967;119;60;107;10;2023-04-06 14:22:18;10.229.253.34
968;90;112;52;13;2023-04-06 14:22:20;10.229.253.34
969;125;78;82;12;2023-04-06 14:22:24;10.229.253.34
970;105;160;198;3;2023-04-06 14:22:24;10.229.253.75
971;113;26;74;10;2023-04-06 14:22:26;10.229.253.75
972;82;102;24;13;2023-04-06 14:22:27;10.229.253.75
973;94;26;113;10;2023-04-06 14:22:28;10.229.253.75
974;116;235;177;5;2023-04-06 14:22:34;10.229.253.75
975;6;136;99;13;2023-04-06 14:22:37;10.229.253.75
976;34;99;163;11;2023-04-06 14:22:38;10.229.253.75
977;85;20;234;11;2023-04-06 14:22:39;10.229.253.34
978;35;188;82;5;2023-04-06 14:22:39;10.229.253.75
979;109;180;64;13;2023-04-06 14:22:40;10.229.253.34
980;201;24;225;2;2023-04-06 14:22:40;10.229.253.75
981;80;159;167;3;2023-04-06 14:22:41;10.229.253.34
982;36;153;32;5;2023-04-06 14:22:41;10.229.253.75
983;174;173;64;4;2023-04-06 14:22:42;10.229.253.75
984;30;41;73;15;2023-04-06 14:22:43;10.229.253.34
985;144;89;171;10;2023-04-06 14:22:44;10.229.253.75
986;144;6;188;10;2023-04-06 14:22:45;10.229.253.34
987;216;155;3;4;2023-04-06 14:22:46;10.229.253.34
988;245;243;235;0;2023-04-06 14:22:53;10.229.253.75
989;31;220;151;5;2023-04-06 14:22:54;10.229.253.34
990;223;148;171;6;2023-04-06 14:22:54;10.229.253.75
991;39;234;111;5;2023-04-06 14:22:57;10.229.253.75
992;244;45;97;2;2023-04-06 14:22:57;10.229.253.34
993;175;6;159;10;2023-04-06 14:22:58;10.229.253.34
994;138;210;211;0;2023-04-06 14:22:58;10.229.253.75
995;70;24;220;11;2023-04-06 14:23:00;10.229.253.75
996;37;32;81;7;2023-04-06 14:23:01;10.229.253.34
997;126;180;139;5;2023-04-06 14:23:01;10.229.253.75
998;74;34;108;10;2023-04-06 14:23:02;10.229.253.75
999;166;107;77;12;2023-04-06 14:23:03;10.229.253.34
1000;116;241;96;5;2023-04-06 14:23:04;10.229.253.75
1001;108;75;235;10;2023-04-06 14:23:04;10.229.253.34
1002;198;193;84;4;2023-04-06 14:23:05;10.229.253.75
1003;130;220;54;5;2023-04-06 14:23:06;10.229.253.75
1004;63;22;45;7;2023-04-06 14:23:07;10.229.253.34
1005;159;234;61;5;2023-04-06 14:23:08;10.229.253.75
1006;193;147;127;6;2023-04-06 14:23:09;10.229.253.75
1007;198;45;124;2;2023-04-06 14:23:10;10.229.253.34
1008;113;98;155;10;2023-04-06 14:23:10;10.229.253.75
1009;61;84;19;13;2023-04-06 14:23:11;10.229.253.34
1010;66;103;226;11;2023-04-06 14:23:12;10.229.253.34
1011;46;43;65;7;2023-04-06 14:23:13;10.229.253.75
1012;4;115;240;11;2023-04-06 14:23:14;10.229.253.75
1013;161;89;190;2;2023-04-06 14:23:14;10.229.253.34
1014;44;236;66;5;2023-04-06 14:23:15;10.229.253.75
1015;243;162;13;1;2023-04-06 14:23:15;10.229.253.34
1016;55;180;130;13;2023-04-06 14:23:16;10.229.253.75
1017;166;24;181;10;2023-04-06 14:23:17;10.229.253.34
1018;149;38;110;2;2023-04-06 14:23:17;10.229.253.75
1019;164;19;108;2;2023-04-06 14:23:18;10.229.253.34
1020;116;211;152;5;2023-04-06 14:23:20;10.229.253.75
1021;244;153;92;1;2023-04-06 14:23:20;10.229.253.34
1022;39;145;78;13;2023-04-06 14:23:20;10.229.253.75
1023;225;19;128;2;2023-04-06 14:23:21;10.229.253.34
1024;31;70;191;11;2023-04-06 14:23:22;10.229.253.75
1025;72;224;232;3;2023-04-06 14:23:22;10.229.253.34
1026;62;49;143;10;2023-04-06 14:23:23;10.229.253.75
1027;202;216;30;4;2023-04-06 14:23:24;10.229.253.34
1028;12;18;208;11;2023-04-06 14:23:24;10.229.253.75
1029;220;103;41;1;2023-04-06 14:23:25;10.229.253.75
1030;3;48;228;11;2023-04-06 14:23:26;10.229.253.75
1031;164;59;80;2;2023-04-06 14:23:27;10.229.253.34
1032;162;47;244;10;2023-04-06 14:23:27;10.229.253.75
1033;139;59;114;2;2023-04-06 14:23:28;10.229.253.75
1034;57;173;170;3;2023-04-06 14:23:30;10.229.253.75
1035;153;121;43;12;2023-04-06 14:23:31;10.229.253.34
1036;113;162;134;8;2023-04-06 14:23:32;10.229.253.75
1037;227;67;239;2;2023-04-06 14:23:35;10.229.253.75
1038;108;215;254;3;2023-04-06 14:23:38;10.229.253.75
1039;122;229;42;5;2023-04-06 14:23:39;10.229.253.75
1040;148;74;36;1;2023-04-06 14:23:40;10.229.253.75
1041;224;159;91;1;2023-04-06 14:23:41;10.229.253.34
1042;251;54;136;2;2023-04-06 14:23:41;10.229.253.75
1043;225;229;46;4;2023-04-06 14:23:42;10.229.253.34
1044;112;127;0;13;2023-04-06 14:23:43;10.229.253.34
1045;102;230;212;0;2023-04-06 14:23:44;10.229.253.75
1046;41;85;251;11;2023-04-06 14:23:45;10.229.253.34
1047;49;123;188;3;2023-04-06 14:23:45;10.229.253.75
1048;45;177;181;3;2023-04-06 14:23:46;10.229.253.34
1049;150;226;195;0;2023-04-06 14:23:46;10.229.253.75
1050;44;48;222;11;2023-04-06 14:23:47;10.229.253.34
1051;223;161;19;4;2023-04-06 14:23:47;10.229.253.75
1052;44;43;66;10;2023-04-06 14:23:48;10.229.253.75
1053;195;102;202;2;2023-04-06 14:23:50;10.229.253.75
1054;94;37;6;12;2023-04-06 14:23:50;10.229.253.34
1055;43;211;217;3;2023-04-06 14:23:51;10.229.253.75
1056;226;205;126;1;2023-04-06 14:23:51;10.229.253.34
1057;185;121;81;12;2023-04-06 14:23:52;10.229.253.75
1058;51;61;181;11;2023-04-06 14:23:52;10.229.253.34
1059;55;60;58;7;2023-04-06 14:23:53;10.229.253.75
1060;205;182;254;10;2023-04-06 14:23:56;10.229.253.34
1061;129;77;131;10;2023-04-06 14:23:56;10.229.253.75
1062;205;182;254;10;2023-04-06 14:23:57;10.229.253.34
1063;219;134;20;1;2023-04-06 14:23:57;10.229.253.75
1064;29;75;5;13;2023-04-06 14:23:58;10.229.253.34
1065;242;36;57;14;2023-04-06 14:23:59;10.229.253.75
1066;193;75;123;2;2023-04-06 14:24:00;10.229.253.75
1067;218;108;28;1;2023-04-06 14:24:01;10.229.253.75
1068;110;189;99;5;2023-04-06 14:24:02;10.229.253.75
1069;100;209;127;5;2023-04-06 14:24:03;10.229.253.34
1070;128;3;16;14;2023-04-06 14:24:03;10.229.253.75
1071;235;167;148;1;2023-04-06 14:24:04;10.229.253.34
1072;1;182;5;13;2023-04-06 14:24:04;10.229.253.75
1073;133;248;65;5;2023-04-06 14:24:05;10.229.253.34
1074;152;107;185;10;2023-04-06 14:24:05;10.229.253.46
1075;64;46;218;10;2023-04-06 14:24:06;10.229.253.75
1076;162;83;57;1;2023-04-06 14:24:07;10.229.253.75
1077;66;35;67;10;2023-04-06 14:24:07;10.229.253.34
1078;159;58;204;10;2023-04-06 14:24:08;10.229.253.46
1079;162;83;57;1;2023-04-06 14:24:08;10.229.253.75
1080;99;53;122;10;2023-04-06 14:24:08;10.229.253.34
1081;236;46;205;2;2023-04-06 14:24:09;10.229.253.34
1082;233;115;95;6;2023-04-06 14:24:10;10.229.253.75
1083;29;110;145;3;2023-04-06 14:24:10;10.229.253.46
1084;101;100;225;10;2023-04-06 14:24:11;10.229.253.75
1085;252;84;18;1;2023-04-06 14:24:12;10.229.253.75
1086;229;28;123;2;2023-04-06 14:24:12;10.229.253.46
1087;165;146;103;8;2023-04-06 14:24:13;10.229.253.34
1088;123;27;51;10;2023-04-06 14:24:13;10.229.253.75
1089;249;193;218;6;2023-04-06 14:24:14;10.229.253.34
1090;141;67;19;12;2023-04-06 14:24:15;10.229.253.34
1091;223;218;194;0;2023-04-06 14:24:16;10.229.253.75
1092;12;215;208;3;2023-04-06 14:24:18;10.229.253.75
1093;225;230;51;4;2023-04-06 14:24:18;10.229.253.34
1094;41;190;168;3;2023-04-06 14:24:19;10.229.253.75
1095;168;138;205;10;2023-04-06 14:24:19;10.229.253.34
1096;54;251;34;5;2023-04-06 14:24:22;10.229.253.75
1097;254;55;165;2;2023-04-06 14:24:24;10.229.253.75
1098;194;130;193;2;2023-04-06 14:24:24;10.229.253.46
1099;169;76;203;10;2023-04-06 14:24:25;10.229.253.75
1100;131;245;53;5;2023-04-06 14:24:26;10.229.253.75
1101;155;110;207;10;2023-04-06 14:24:27;10.229.253.34
1102;58;203;23;5;2023-04-06 14:24:27;10.229.253.75
1103;94;203;150;5;2023-04-06 14:24:29;10.229.253.46
1104;33;242;51;5;2023-04-06 14:24:33;10.229.253.34
1105;4;27;28;15;2023-04-06 14:24:34;10.229.253.46
1106;66;64;141;11;2023-04-06 14:24:34;10.229.253.34
1107;90;52;139;10;2023-04-06 14:24:36;10.229.253.34
1108;144;79;41;1;2023-04-06 14:24:37;10.229.253.46
1109;113;20;79;2;2023-04-06 14:24:37;10.229.253.75
1110;4;151;120;5;2023-04-06 14:24:39;10.229.253.75
1111;66;166;32;5;2023-04-06 14:24:40;10.229.253.75
1112;55;221;221;3;2023-04-06 14:24:41;10.229.253.46
1113;112;155;84;5;2023-04-06 14:24:42;10.229.253.75
1114;188;160;252;10;2023-04-06 14:24:42;10.229.253.34
1115;6;73;191;11;2023-04-06 14:24:43;10.229.253.75
1116;220;36;142;2;2023-04-06 14:24:43;10.229.253.34
1117;242;167;228;6;2023-04-06 14:24:45;10.229.253.46
1118;4;188;87;13;2023-04-06 14:24:45;10.229.253.34
1119;164;176;252;0;2023-04-06 14:24:45;10.229.253.75
1120;44;156;120;13;2023-04-06 14:24:45;10.229.253.34
1121;70;244;46;5;2023-04-06 14:24:46;10.229.253.75
1122;177;64;96;2;2023-04-06 14:24:47;10.229.253.34
1123;213;16;155;2;2023-04-06 14:24:47;10.229.253.75
1124;227;45;88;14;2023-04-06 14:24:47;10.229.253.46
1125;19;72;100;11;2023-04-06 14:24:48;10.229.253.75
1126;201;21;70;14;2023-04-06 14:24:49;10.229.253.46
1127;68;81;157;10;2023-04-06 14:24:50;10.229.253.75
1128;236;3;7;14;2023-04-06 14:24:50;10.229.253.46
1129;106;82;73;12;2023-04-06 14:24:50;10.229.253.34
1130;178;61;141;2;2023-04-06 14:24:51;10.229.253.75
1131;105;171;10;13;2023-04-06 14:24:52;10.229.253.34
1132;37;220;239;3;2023-04-06 14:24:52;10.229.253.46
1133;162;240;146;5;2023-04-06 14:24:53;10.229.253.34
1134;22;156;124;13;2023-04-06 14:24:53;10.229.253.75
1135;185;218;109;5;2023-04-06 14:24:54;10.229.253.34
1136;99;0;102;10;2023-04-06 14:24:54;10.229.253.75
1137;103;200;14;5;2023-04-06 14:24:54;10.229.253.46
1138;179;91;0;1;2023-04-06 14:24:55;10.229.253.34
1139;158;252;36;5;2023-04-06 14:24:55;10.229.253.46
1140;94;181;135;5;2023-04-06 14:24:55;10.229.253.75
1141;15;151;110;13;2023-04-06 14:24:57;10.229.253.46
1142;249;146;145;6;2023-04-06 14:24:57;10.229.253.34
1143;9;229;224;0;2023-04-06 14:24:58;10.229.253.75
1144;125;50;198;10;2023-04-06 14:24:58;10.229.253.34
1145;73;20;26;12;2023-04-06 14:24:59;10.229.253.75
1146;140;41;114;10;2023-04-06 14:25:01;10.229.253.75
1147;243;217;82;4;2023-04-06 14:25:01;10.229.253.34
1148;140;41;114;10;2023-04-06 14:25:02;10.229.253.75
1149;45;201;7;5;2023-04-06 14:25:02;10.229.253.46
1150;33;58;33;13;2023-04-06 14:25:02;10.229.253.34
1151;190;246;73;5;2023-04-06 14:25:03;10.229.253.75
1152;220;202;42;4;2023-04-06 14:25:03;10.229.253.46
1153;73;198;56;5;2023-04-06 14:25:05;10.229.253.34
1154;44;69;200;11;2023-04-06 14:25:06;10.229.253.75
1155;143;248;135;5;2023-04-06 14:25:06;10.229.253.34
1156;116;227;155;5;2023-04-06 14:25:07;10.229.253.75
1157;35;195;37;5;2023-04-06 14:25:07;10.229.253.34
1158;122;186;252;0;2023-04-06 14:25:08;10.229.253.75
1159;17;12;150;11;2023-04-06 14:25:08;10.229.253.46
1160;101;219;164;5;2023-04-06 14:25:09;10.229.253.75
1161;243;137;180;2;2023-04-06 14:25:09;10.229.253.46
1162;163;35;157;10;2023-04-06 14:25:10;10.229.253.34
1163;112;112;220;10;2023-04-06 14:25:10;10.229.253.75
1164;10;131;11;13;2023-04-06 14:25:11;10.229.253.34
1165;55;189;74;13;2023-04-06 14:25:11;10.229.253.75
1166;101;166;69;5;2023-04-06 14:25:12;10.229.253.46
1167;78;6;90;10;2023-04-06 14:25:12;10.229.253.75
1168;18;166;52;13;2023-04-06 14:25:13;10.229.253.75
1169;100;33;84;10;2023-04-06 14:25:14;10.229.253.34
1170;183;36;76;2;2023-04-06 14:25:15;10.229.253.46
1171;221;19;75;14;2023-04-06 14:25:15;10.229.253.75
1172;117;53;15;12;2023-04-06 14:25:16;10.229.253.75
1173;41;139;241;11;2023-04-06 14:25:18;10.229.253.46
1174;168;108;120;6;2023-04-06 14:25:19;10.229.253.75
1175;78;94;117;7;2023-04-06 14:25:21;10.229.253.34
1176;149;254;195;5;2023-04-06 14:25:22;10.229.253.46
1177;103;131;200;8;2023-04-06 14:25:22;10.229.253.75
1178;52;132;14;13;2023-04-06 14:25:23;10.229.253.34
1179;121;16;157;10;2023-04-06 14:25:23;10.229.253.75
1180;162;84;32;1;2023-04-06 14:25:24;10.229.253.34
1181;15;93;95;3;2023-04-06 14:25:25;10.229.253.46
1182;55;85;143;11;2023-04-06 14:25:26;10.229.253.75
1183;124;177;19;5;2023-04-06 14:25:26;10.229.253.34
1184;221;183;64;4;2023-04-06 14:25:27;10.229.253.75
1185;211;154;65;1;2023-04-06 14:25:28;10.229.253.46
1186;136;18;66;2;2023-04-06 14:25:28;10.229.253.34
1187;223;241;97;4;2023-04-06 14:25:28;10.229.253.75
1188;17;143;36;5;2023-04-06 14:25:30;10.229.253.46
1189;25;179;16;5;2023-04-06 14:25:32;10.229.253.34
1190;98;141;109;8;2023-04-06 14:25:32;10.229.253.75
1191;174;227;50;5;2023-04-06 14:25:33;10.229.253.46
1192;239;120;47;1;2023-04-06 14:25:33;10.229.253.75
1193;74;131;174;11;2023-04-06 14:25:34;10.229.253.34
1194;207;105;139;6;2023-04-06 14:25:35;10.229.253.75
1195;153;42;37;14;2023-04-06 14:25:35;10.229.253.34
1196;23;58;110;11;2023-04-06 14:25:37;10.229.253.75
1197;241;231;223;0;2023-04-06 14:25:37;10.229.253.34
1198;141;8;199;10;2023-04-06 14:25:39;10.229.253.75
1199;179;97;133;2;2023-04-06 14:25:41;10.229.253.75
1200;151;73;64;12;2023-04-06 14:25:49;10.229.253.34
1201;138;93;9;12;2023-04-06 14:25:50;10.229.253.75
1202;164;48;22;1;2023-04-06 14:25:50;10.229.253.46
1203;196;250;160;0;2023-04-06 14:25:51;10.229.253.75
1204;67;240;3;5;2023-04-06 14:25:52;10.229.253.75
1205;203;174;111;1;2023-04-06 14:25:52;10.229.253.34
1206;100;189;140;5;2023-04-06 14:25:53;10.229.253.75
1207;73;229;106;5;2023-04-06 14:25:54;10.229.253.75
1208;116;181;98;5;2023-04-06 14:25:55;10.229.253.46
1209;147;33;211;10;2023-04-06 14:25:55;10.229.253.75
1210;66;103;3;13;2023-04-06 14:25:56;10.229.253.75
1211;117;187;172;3;2023-04-06 14:25:56;10.229.253.34
1212;138;147;179;0;2023-04-06 14:25:57;10.229.253.75
1213;94;168;11;5;2023-04-06 14:25:59;10.229.253.75
1214;247;228;203;0;2023-04-06 14:25:59;10.229.253.34
1215;214;138;147;6;2023-04-06 14:26:00;10.229.253.75
1216;12;164;57;13;2023-04-06 14:26:01;10.229.253.75
1217;237;38;76;14;2023-04-06 14:26:01;10.229.253.46
1218;69;206;157;5;2023-04-06 14:26:02;10.229.253.75
1219;89;66;99;10;2023-04-06 14:26:03;10.229.253.75
1220;187;157;214;10;2023-04-06 14:26:05;10.229.253.75
1221;148;68;191;10;2023-04-06 14:26:06;10.229.253.75
1222;105;51;234;10;2023-04-06 14:26:07;10.229.253.75
1223;112;203;44;5;2023-04-06 14:26:08;10.229.253.34
1224;143;181;152;5;2023-04-06 14:26:08;10.229.253.46
1225;90;187;115;5;2023-04-06 14:26:10;10.229.253.75
1226;103;28;195;10;2023-04-06 14:26:10;10.229.253.46
1227;11;226;222;3;2023-04-06 14:26:11;10.229.253.75
1228;85;18;11;12;2023-04-06 14:26:11;10.229.253.34
1229;79;7;19;12;2023-04-06 14:26:11;10.229.253.46
1230;29;37;25;15;2023-04-06 14:26:12;10.229.253.75
1231;71;193;2;5;2023-04-06 14:26:12;10.229.253.34
1232;42;114;47;13;2023-04-06 14:26:13;10.229.253.75
1233;221;68;150;2;2023-04-06 14:26:13;10.229.253.46
1234;60;196;173;3;2023-04-06 14:26:13;10.229.253.34
1235;165;36;102;2;2023-04-06 14:26:14;10.229.253.75
1236;41;161;160;3;2023-04-06 14:26:16;10.229.253.75
1237;76;213;122;5;2023-04-06 14:26:16;10.229.253.34
1238;93;68;53;12;2023-04-06 14:26:17;10.229.253.75
1239;56;169;48;13;2023-04-06 14:26:17;10.229.253.34
1240;103;41;82;10;2023-04-06 14:26:18;10.229.253.75
1241;84;252;83;5;2023-04-06 14:26:19;10.229.253.34
1242;230;170;133;6;2023-04-06 14:26:20;10.229.253.75
1243;149;118;196;10;2023-04-06 14:26:20;10.229.253.34
1244;55;157;89;13;2023-04-06 14:26:21;10.229.253.75
1245;148;164;5;13;2023-04-06 14:26:22;10.229.253.34
1246;131;245;174;0;2023-04-06 14:26:22;10.229.253.75
1247;66;230;4;5;2023-04-06 14:26:23;10.229.253.46
1248;27;65;161;11;2023-04-06 14:26:24;10.229.253.34
1249;117;44;134;10;2023-04-06 14:26:25;10.229.253.34
1250;59;182;238;3;2023-04-06 14:26:25;10.229.253.75
1251;189;54;97;2;2023-04-06 14:26:26;10.229.253.34
1252;142;189;70;5;2023-04-06 14:26:26;10.229.253.46
1253;226;153;141;6;2023-04-06 14:26:27;10.229.253.34
1254;89;108;67;13;2023-04-06 14:26:28;10.229.253.75
1255;122;208;231;3;2023-04-06 14:26:29;10.229.253.46
1256;198;94;108;6;2023-04-06 14:26:29;10.229.253.75
1257;92;237;99;5;2023-04-06 14:26:30;10.229.253.75
1258;52;92;154;11;2023-04-06 14:26:30;10.229.253.46
1259;226;117;83;1;2023-04-06 14:26:31;10.229.253.75
1260;34;115;247;3;2023-04-06 14:26:32;10.229.253.75
1261;249;149;198;6;2023-04-06 14:26:33;10.229.253.46
1262;20;119;100;13;2023-04-06 14:26:34;10.229.253.75
1263;77;227;197;0;2023-04-06 14:26:35;10.229.253.75
1264;124;14;238;10;2023-04-06 14:26:36;10.229.253.75
1265;241;205;148;0;2023-04-06 14:26:37;10.229.253.46
1266;95;20;73;10;2023-04-06 14:26:37;10.229.253.75
1267;207;108;186;2;2023-04-06 14:26:39;10.229.253.75
1268;106;20;25;12;2023-04-06 14:26:39;10.229.253.34
1269;77;43;99;10;2023-04-06 14:26:39;10.229.253.75
1270;238;178;48;4;2023-04-06 14:26:41;10.229.253.75
1271;130;62;243;10;2023-04-06 14:26:41;10.229.253.34
1272;7;4;147;11;2023-04-06 14:26:42;10.229.253.75
1273;60;12;122;10;2023-04-06 14:26:43;10.229.253.34
1274;36;187;34;5;2023-04-06 14:26:44;10.229.253.75
1275;118;124;26;4;2023-04-06 14:26:45;10.229.253.46
1276;223;115;13;1;2023-04-06 14:26:45;10.229.253.75
1277;156;67;9;1;2023-04-06 14:26:47;10.229.253.34
1278;95;130;121;7;2023-04-06 14:26:48;10.229.253.75
1279;57;121;58;13;2023-04-06 14:26:49;10.229.253.34
1280;233;233;60;4;2023-04-06 14:26:49;10.229.253.75
1281;20;57;107;11;2023-04-06 14:26:50;10.229.253.34
1282;113;149;94;5;2023-04-06 14:26:50;10.229.253.46
1283;131;220;52;5;2023-04-06 14:26:50;10.229.253.75
1284;20;57;107;11;2023-04-06 14:26:51;10.229.253.34
1285;164;43;132;2;2023-04-06 14:26:51;10.229.253.46
1286;139;20;198;10;2023-04-06 14:26:52;10.229.253.75
1287;145;249;192;3;2023-04-06 14:26:53;10.229.253.34
1288;169;61;224;10;2023-04-06 14:26:53;10.229.253.75
1289;18;95;85;13;2023-04-06 14:26:53;10.229.253.46
1290;101;241;114;5;2023-04-06 14:26:54;10.229.253.75
1291;84;76;160;10;2023-04-06 14:26:55;10.229.253.34
1292;160;177;113;8;2023-04-06 14:26:56;10.229.253.75
1293;115;250;220;3;2023-04-06 14:26:56;10.229.253.34
1294;154;239;111;5;2023-04-06 14:26:57;10.229.253.75
1295;165;249;198;0;2023-04-06 14:26:57;10.229.253.46
1296;14;204;191;3;2023-04-06 14:26:58;10.229.253.34
1297;239;176;55;4;2023-04-06 14:26:58;10.229.253.75
1298;85;251;53;5;2023-04-06 14:26:58;10.229.253.46
1299;49;121;200;11;2023-04-06 14:26:59;10.229.253.34
1300;29;240;35;5;2023-04-06 14:27:00;10.229.253.34
1301;253;84;84;2;2023-04-06 14:27:00;10.229.253.75
1302;144;32;223;10;2023-04-06 14:27:01;10.229.253.75
1303;29;240;35;5;2023-04-06 14:27:01;10.229.253.34
1304;40;3;231;11;2023-04-06 14:27:02;10.229.253.46
1305;46;13;210;11;2023-04-06 14:27:03;10.229.253.34
1306;39;251;249;3;2023-04-06 14:27:03;10.229.253.46
1307;115;223;177;3;2023-04-06 14:27:04;10.229.253.75
1308;82;135;49;13;2023-04-06 14:27:06;10.229.253.34
1309;205;7;64;14;2023-04-06 14:27:06;10.229.253.75
1310;160;13;124;2;2023-04-06 14:27:07;10.229.253.34
1311;139;204;189;3;2023-04-06 14:27:10;10.229.253.75
1312;125;243;130;5;2023-04-06 14:27:11;10.229.253.75
1313;235;159;168;6;2023-04-06 14:27:12;10.229.253.46
1314;72;42;52;7;2023-04-06 14:27:12;10.229.253.34
1315;188;153;5;1;2023-04-06 14:27:12;10.229.253.75
1316;218;62;66;14;2023-04-06 14:27:14;10.229.253.75
1317;73;120;246;11;2023-04-06 14:27:15;10.229.253.75
1318;6;206;138;5;2023-04-06 14:27:16;10.229.253.34
1319;241;42;65;14;2023-04-06 14:27:17;10.229.253.75
1320;33;212;62;13;2023-04-06 14:27:17;10.229.253.34
1321;241;42;65;14;2023-04-06 14:27:20;10.229.253.75
1322;176;116;211;10;2023-04-06 14:27:40;10.229.253.34
1323;252;135;159;6;2023-04-06 14:27:43;10.229.253.34
1324;229;222;206;0;2023-04-06 14:27:44;10.229.253.34
1325;30;41;125;11;2023-04-06 14:27:48;10.229.253.46
1326;94;171;64;5;2023-04-06 14:27:57;10.229.253.46
1327;216;66;102;2;2023-04-06 14:28:00;10.229.253.34
1328;189;103;74;1;2023-04-06 14:28:00;10.229.253.46
1329;31;248;40;5;2023-04-06 14:28:01;10.229.253.34
1330;114;79;222;10;2023-04-06 14:28:02;10.229.253.34
1331;123;213;44;5;2023-04-06 14:28:04;10.229.253.46
1332;129;157;81;13;2023-04-06 14:28:05;10.229.253.34
1333;45;10;110;10;2023-04-06 14:28:06;10.229.253.34
1334;5;175;67;13;2023-04-06 14:28:07;10.229.253.34
1335;196;117;88;1;2023-04-06 14:28:08;10.229.253.34
1336;142;7;158;10;2023-04-06 14:28:11;10.229.253.34
1337;33;105;90;3;2023-04-06 14:28:15;10.229.253.34
1338;173;77;153;2;2023-04-06 14:28:17;10.229.253.34
1339;116;188;114;5;2023-04-06 14:28:18;10.229.253.34
1340;83;166;60;5;2023-04-06 14:28:19;10.229.253.34
1341;171;31;66;2;2023-04-06 14:28:21;10.229.253.34
1342;125;219;161;5;2023-04-06 14:28:27;10.229.253.34
1343;1;142;40;13;2023-04-06 14:28:28;10.229.253.34
1344;68;188;82;13;2023-04-06 14:28:29;10.229.253.34
1345;75;134;47;13;2023-04-06 14:28:30;10.229.253.34
1346;222;40;244;2;2023-04-06 14:28:31;10.229.253.34
1347;135;170;123;8;2023-04-06 14:28:34;10.229.253.34
1348;111;250;246;3;2023-04-06 14:28:36;10.229.253.34
1349;221;131;221;2;2023-04-06 14:28:38;10.229.253.34
1350;200;2;15;14;2023-04-06 14:28:39;10.229.253.34
1351;130;126;95;8;2023-04-06 14:28:44;10.229.253.34
1352;240;166;229;6;2023-04-06 14:28:45;10.229.253.34
1353;125;63;38;12;2023-04-06 14:28:47;10.229.253.34
1354;139;81;169;10;2023-04-06 14:28:54;10.229.253.34
1355;13;8;110;11;2023-04-06 14:28:55;10.229.253.34
1356;172;20;7;14;2023-04-06 14:28:57;10.229.253.34
1357;149;198;101;5;2023-04-06 14:28:58;10.229.253.34
1358;162;196;180;5;2023-04-06 14:29:01;10.229.253.34
1359;46;61;52;7;2023-04-06 14:29:02;10.229.253.34
1360;15;160;3;13;2023-04-06 14:29:04;10.229.253.34
1361;126;188;99;13;2023-04-06 14:29:05;10.229.253.34
1362;253;189;152;1;2023-04-06 14:29:07;10.229.253.34
1363;234;117;144;6;2023-04-06 14:29:08;10.229.253.34
1364;204;224;248;0;2023-04-06 14:29:10;10.229.253.34
1365;83;48;137;10;2023-04-06 14:29:12;10.229.253.34
1366;41;222;95;13;2023-04-06 14:29:14;10.229.253.34
1367;215;46;175;2;2023-04-06 14:29:15;10.229.253.34
1368;170;143;13;4;2023-04-06 14:29:16;10.229.253.34
1369;238;252;138;4;2023-04-06 14:29:18;10.229.253.34
1370;8;36;9;15;2023-04-06 14:29:19;10.229.253.25
1371;173;229;33;5;2023-04-06 14:29:19;10.229.253.34
1372;215;18;186;2;2023-04-06 14:29:21;10.229.253.25
1373;98;235;157;3;2023-04-06 14:29:22;10.229.253.34
1374;198;140;44;1;2023-04-06 14:29:23;10.229.253.25
1375;191;43;0;14;2023-04-06 14:29:24;10.229.253.34
1376;226;144;229;6;2023-04-06 14:29:29;10.229.253.25
1377;96;239;28;5;2023-04-06 14:29:36;10.229.253.34
1378;50;147;249;11;2023-04-06 14:29:37;10.229.253.34
1379;135;150;137;8;2023-04-06 14:29:39;10.229.253.34
1380;60;88;176;11;2023-04-06 14:29:40;10.229.253.25
1381;109;85;13;12;2023-04-06 14:29:43;10.229.253.25
1382;39;67;162;11;2023-04-06 14:29:44;10.229.253.25
1383;70;160;213;3;2023-04-06 14:29:45;10.229.253.71
1384;78;175;186;3;2023-04-06 14:29:46;10.229.253.71
1385;94;108;186;11;2023-04-06 14:29:47;10.229.253.71
1386;23;23;53;11;2023-04-06 14:29:48;10.229.253.25
1387;13;3;91;11;2023-04-06 14:29:48;10.229.253.71
1388;151;218;93;5;2023-04-06 14:29:49;10.229.253.71
1389;187;246;32;5;2023-04-06 14:29:50;10.229.253.25
1390;175;67;186;2;2023-04-06 14:29:51;10.229.253.71
1391;89;71;16;12;2023-04-06 14:29:51;10.229.253.25
1392;217;45;207;2;2023-04-06 14:29:52;10.229.253.71
1393;15;130;84;13;2023-04-06 14:29:54;10.229.253.71
1394;113;97;248;10;2023-04-06 14:29:56;10.229.253.25
1395;197;187;221;0;2023-04-06 14:29:57;10.229.253.71
1396;38;208;87;5;2023-04-06 14:29:59;10.229.253.25
1397;70;117;184;11;2023-04-06 14:30:02;10.229.253.25
1398;187;131;0;12;2023-04-06 14:30:02;10.229.253.26
1399;51;196;66;5;2023-04-06 14:30:04;10.229.253.25
1400;125;7;239;10;2023-04-06 14:30:06;10.229.253.26
1401;12;21;11;15;2023-04-06 14:30:08;10.229.253.25
1402;172;240;221;0;2023-04-06 14:30:09;10.229.253.71
1403;29;47;85;11;2023-04-06 14:30:11;10.229.253.71
1404;236;213;243;6;2023-04-06 14:30:13;10.229.253.71
1405;243;239;172;0;2023-04-06 14:30:13;10.229.253.25
1406;199;189;139;4;2023-04-06 14:30:14;10.229.253.71
1407;196;95;126;2;2023-04-06 14:30:15;10.229.253.26
1408;87;182;248;11;2023-04-06 14:30:15;10.229.253.25
1409;161;226;97;5;2023-04-06 14:30:16;10.229.253.71
1410;55;144;143;3;2023-04-06 14:30:17;10.229.253.25
1411;93;204;86;5;2023-04-06 14:30:18;10.229.253.71
1412;74;15;76;10;2023-04-06 14:30:18;10.229.253.63
1413;52;198;109;5;2023-04-06 14:30:19;10.229.253.26
1414;0;139;77;13;2023-04-06 14:30:19;10.229.253.71
1415;81;134;42;13;2023-04-06 14:30:20;10.229.253.71
1416;14;103;97;3;2023-04-06 14:30:21;10.229.253.25
1417;200;38;119;2;2023-04-06 14:30:22;10.229.253.71
1418;161;237;79;5;2023-04-06 14:30:23;10.229.253.71
1419;69;205;3;5;2023-04-06 14:30:24;10.229.253.71
1420;106;120;154;8;2023-04-06 14:30:25;10.229.253.25
1421;9;24;251;11;2023-04-06 14:30:25;10.229.253.71
1422;162;210;51;5;2023-04-06 14:30:26;10.229.253.25
1423;238;8;194;2;2023-04-06 14:30:27;10.229.253.71
1424;243;13;196;2;2023-04-06 14:30:28;10.229.253.71
1425;133;183;5;5;2023-04-06 14:30:28;10.229.253.25
1426;46;28;134;10;2023-04-06 14:30:29;10.229.253.71
1427;21;245;206;3;2023-04-06 14:30:34;10.229.253.63
1428;15;133;41;13;2023-04-06 14:30:34;10.229.253.71
1429;105;198;140;5;2023-04-06 14:30:35;10.229.253.25
1430;21;245;206;3;2023-04-06 14:30:36;10.229.253.63
1431;130;109;83;12;2023-04-06 14:30:37;10.229.253.71
1432;42;245;0;5;2023-04-06 14:30:37;10.229.253.63
1433;25;226;210;3;2023-04-06 14:30:38;10.229.253.25
1434;37;50;212;11;2023-04-06 14:30:39;10.229.253.71
1435;74;115;9;13;2023-04-06 14:30:40;10.229.253.25
1436;148;159;4;13;2023-04-06 14:30:41;10.229.253.63
1437;118;187;119;5;2023-04-06 14:30:42;10.229.253.71
1438;169;10;183;10;2023-04-06 14:30:42;10.229.253.25
1439;214;136;126;6;2023-04-06 14:30:43;10.229.253.63
1440;245;4;137;2;2023-04-06 14:30:43;10.229.253.71
1441;12;87;105;11;2023-04-06 14:30:44;10.229.253.25
1442;152;16;163;10;2023-04-06 14:30:44;10.229.253.63
1443;127;87;14;12;2023-04-06 14:30:44;10.229.253.71
1444;199;157;114;1;2023-04-06 14:30:46;10.229.253.25
1445;100;179;65;13;2023-04-06 14:30:47;10.229.253.71
1446;223;248;19;4;2023-04-06 14:30:48;10.229.253.25
1447;128;162;48;5;2023-04-06 14:30:49;10.229.253.71
1448;253;40;195;2;2023-04-06 14:30:50;10.229.253.71
1449;36;128;196;11;2023-04-06 14:30:51;10.229.253.71
1450;118;59;104;2;2023-04-06 14:30:52;10.229.253.63
1451;141;237;214;3;2023-04-06 14:30:52;10.229.253.25
1452;51;212;247;3;2023-04-06 14:30:53;10.229.253.71
1453;210;36;208;2;2023-04-06 14:30:54;10.229.253.71
1454;19;4;230;11;2023-04-06 14:30:54;10.229.253.63
1455;207;43;68;14;2023-04-06 14:30:55;10.229.253.25
1456;152;96;158;10;2023-04-06 14:30:55;10.229.253.71
1457;129;67;114;2;2023-04-06 14:30:56;10.229.253.63
1458;166;46;37;1;2023-04-06 14:30:56;10.229.253.71
1459;186;101;78;1;2023-04-06 14:30:57;10.229.253.25
1460;227;79;222;2;2023-04-06 14:30:58;10.229.253.71
1461;199;7;206;10;2023-04-06 14:30:58;10.229.253.25
1462;178;132;39;4;2023-04-06 14:30:59;10.229.253.63
1463;163;2;47;14;2023-04-06 14:30:59;10.229.253.71
1464;39;65;252;11;2023-04-06 14:30:59;10.229.253.25
1465;57;248;5;5;2023-04-06 14:31:00;10.229.253.63
1466;180;224;26;5;2023-04-06 14:31:04;10.229.253.25
1467;7;80;158;11;2023-04-06 14:31:05;10.229.253.25
1468;94;64;58;12;2023-04-06 14:31:08;10.229.253.63
1469;233;208;214;0;2023-04-06 14:31:09;10.229.253.25
1470;9;214;231;3;2023-04-06 14:31:10;10.229.253.63
1471;161;14;151;2;2023-04-06 14:31:12;10.229.253.63
1472;69;164;79;13;2023-04-06 14:31:14;10.229.253.63
1473;22;187;68;5;2023-04-06 14:31:15;10.229.253.25
1474;120;80;157;10;2023-04-06 14:31:16;10.229.253.25
1475;116;223;204;3;2023-04-06 14:31:17;10.229.253.63
1476;17;131;34;13;2023-04-06 14:31:18;10.229.253.25
1477;75;174;183;3;2023-04-06 14:31:19;10.229.253.25
1478;236;169;25;1;2023-04-06 14:31:21;10.229.253.25
1479;12;22;35;11;2023-04-06 14:31:23;10.229.253.25
1480;138;73;79;6;2023-04-06 14:31:25;10.229.253.63
1481;79;72;61;7;2023-04-06 14:31:25;10.229.253.25
1482;89;199;190;3;2023-04-06 14:31:26;10.229.253.63
1483;96;38;97;10;2023-04-06 14:31:26;10.229.253.25
1484;229;150;201;6;2023-04-06 14:31:27;10.229.253.63
1485;182;184;153;0;2023-04-06 14:31:28;10.229.253.25
1486;135;216;92;5;2023-04-06 14:31:28;10.229.253.63
1487;171;72;238;10;2023-04-06 14:31:30;10.229.253.63
1488;240;24;90;14;2023-04-06 14:31:31;10.229.253.63
1489;180;120;46;1;2023-04-06 14:31:32;10.229.253.25
1490;53;204;206;3;2023-04-06 14:31:33;10.229.253.63
1491;218;144;70;1;2023-04-06 14:31:33;10.229.253.25
1492;54;116;3;13;2023-04-06 14:31:34;10.229.253.25
1493;193;144;131;6;2023-04-06 14:31:38;10.229.253.25
1494;62;215;167;3;2023-04-06 14:31:39;10.229.253.25
1495;191;226;248;11;2023-04-06 14:31:40;10.229.253.63
1496;201;56;16;14;2023-04-06 14:31:41;10.229.253.63
1497;80;78;110;10;2023-04-06 14:31:41;10.229.253.25
1498;207;84;55;1;2023-04-06 14:31:44;10.229.253.63
1499;251;32;78;2;2023-04-06 14:31:45;10.229.253.63
1500;244;233;222;0;2023-04-06 14:31:46;10.229.253.63
1501;28;38;221;11;2023-04-06 14:31:48;10.229.253.63
1502;32;163;7;13;2023-04-06 14:31:50;10.229.253.63
1503;147;29;206;2;2023-04-06 14:31:51;10.229.253.63
1504;145;82;126;10;2023-04-06 14:31:57;10.229.253.71
1505;179;238;252;0;2023-04-06 14:32:00;10.229.253.71
1506;83;248;129;5;2023-04-06 14:32:01;10.229.253.71
1507;143;170;92;13;2023-04-06 14:32:03;10.229.253.71
1508;123;170;24;13;2023-04-06 14:32:04;10.229.253.71
1509;151;35;3;14;2023-04-06 14:32:06;10.229.253.71
1510;240;95;207;2;2023-04-06 14:32:08;10.229.253.71
1511;65;59;34;7;2023-04-06 14:32:11;10.229.253.71
1512;3;218;7;5;2023-04-06 14:32:35;10.229.253.63
1513;164;3;141;2;2023-04-06 14:32:36;10.229.253.63
1514;71;196;12;5;2023-04-06 14:32:37;10.229.253.63
1515;174;155;14;4;2023-04-06 14:32:38;10.229.253.63
1516;197;120;182;6;2023-04-06 14:32:39;10.229.253.63
1517;250;92;227;2;2023-04-06 14:32:40;10.229.253.63
1518;193;220;42;4;2023-04-06 14:32:42;10.229.253.63
1519;17;63;194;11;2023-04-06 14:32:43;10.229.253.63
1520;142;236;94;5;2023-04-06 14:32:45;10.229.253.63
1521;130;145;99;13;2023-04-06 14:32:47;10.229.253.63
1522;43;30;143;11;2023-04-06 14:32:48;10.229.253.63
1523;125;177;59;13;2023-04-06 14:32:50;10.229.253.63
1524;66;6;195;10;2023-04-06 14:32:51;10.229.253.63
1525;147;76;135;2;2023-04-06 14:32:52;10.229.253.63
1526;41;63;187;11;2023-04-06 14:32:53;10.229.253.63
1527;72;159;41;5;2023-04-06 14:32:55;10.229.253.63
1528;28;242;41;5;2023-04-06 14:32:56;10.229.253.63
1529;133;202;63;5;2023-04-06 14:32:57;10.229.253.63
1530;63;150;156;3;2023-04-06 14:33:27;10.229.253.34
1531;195;97;78;1;2023-04-06 14:33:29;10.229.253.34
1532;7;150;39;13;2023-04-06 14:33:30;10.229.253.34
1533;61;76;29;7;2023-04-06 14:33:31;10.229.253.34
1534;241;211;105;4;2023-04-06 14:33:32;10.229.253.34
1535;244;109;93;1;2023-04-06 14:33:32;10.229.253.22
1536;41;79;120;11;2023-04-06 14:33:34;10.229.253.22
1537;64;73;216;11;2023-04-06 14:33:34;10.229.253.34
1538;17;31;187;11;2023-04-06 14:33:34;10.229.253.34
1539;83;91;138;11;2023-04-06 14:33:35;10.229.253.22
1540;23;240;118;5;2023-04-06 14:33:35;10.229.253.34
1541;224;212;31;4;2023-04-06 14:33:36;10.229.253.34
1542;84;8;196;10;2023-04-06 14:33:37;10.229.253.34
1543;235;244;209;0;2023-04-06 14:33:38;10.229.253.22
1544;1;90;45;13;2023-04-06 14:33:39;10.229.253.34
1545;25;78;17;13;2023-04-06 14:33:39;10.229.253.34
1546;142;84;31;12;2023-04-06 14:33:40;10.229.253.22
1547;180;88;117;2;2023-04-06 14:33:40;10.229.253.34
1548;241;224;220;6;2023-04-06 14:33:41;10.229.253.22
1549;206;29;214;2;2023-04-06 14:33:42;10.229.253.34
1550;252;157;241;6;2023-04-06 14:33:43;10.229.253.34
1551;44;136;222;3;2023-04-06 14:33:43;10.229.253.22
1552;41;14;212;11;2023-04-06 14:33:44;10.229.253.34
1553;231;200;46;4;2023-04-06 14:33:44;10.229.253.22
1554;155;85;58;12;2023-04-06 14:33:45;10.229.253.22
1555;98;81;117;8;2023-04-06 14:33:45;10.229.253.34
1556;200;16;234;2;2023-04-06 14:33:46;10.229.253.22
1557;238;145;78;1;2023-04-06 14:33:48;10.229.253.22
1558;214;137;230;6;2023-04-06 14:33:49;10.229.253.22
1559;10;148;167;3;2023-04-06 14:33:50;10.229.253.22
1560;38;235;184;3;2023-04-06 14:33:51;10.229.253.22
1561;235;238;135;4;2023-04-06 14:33:52;10.229.253.22
1562;149;8;67;14;2023-04-06 14:33:53;10.229.253.22
1563;33;182;39;13;2023-04-06 14:33:55;10.229.253.22
1564;63;33;197;10;2023-04-06 14:33:56;10.229.253.22
1565;15;25;98;11;2023-04-06 14:33:57;10.229.253.22
1566;63;228;98;5;2023-04-06 14:34:00;10.229.253.20
1567;19;32;160;11;2023-04-06 14:34:01;10.229.253.20
1568;39;26;31;15;2023-04-06 14:34:04;10.229.253.20
1569;131;105;44;12;2023-04-06 14:34:10;10.229.253.20
1570;204;113;241;10;2023-04-06 14:34:13;10.229.253.20
1571;88;138;57;13;2023-04-06 14:34:14;10.229.253.20
1572;65;236;134;5;2023-04-06 14:34:15;10.229.253.20
1573;29;132;182;3;2023-04-06 14:34:19;10.229.253.22
1574;131;71;121;10;2023-04-06 14:34:22;10.229.253.20
1575;245;42;55;14;2023-04-06 14:34:23;10.229.253.22
1576;216;185;162;0;2023-04-06 14:34:24;10.229.253.22
1577;175;165;216;0;2023-04-06 14:34:26;10.229.253.22
1578;166;153;120;8;2023-04-06 14:34:27;10.229.253.20
1579;210;128;108;1;2023-04-06 14:34:28;10.229.253.22
1580;15;30;90;15;2023-04-06 14:34:29;10.229.253.22
1581;12;59;124;11;2023-04-06 14:34:30;10.229.253.20
1582;45;97;141;11;2023-04-06 14:34:30;10.229.253.22
1583;5;49;142;11;2023-04-06 14:34:31;10.229.253.20
1584;95;204;170;3;2023-04-06 14:34:31;10.229.253.22
1585;122;224;111;5;2023-04-06 14:34:32;10.229.253.20
1586;108;4;7;14;2023-04-06 14:34:33;10.229.253.22
1587;74;210;250;3;2023-04-06 14:34:33;10.229.253.20
1588;229;11;225;2;2023-04-06 14:34:34;10.229.253.20
1589;37;105;171;11;2023-04-06 14:34:34;10.229.253.22
1590;137;205;188;3;2023-04-06 14:34:36;10.229.253.20
1591;210;183;117;4;2023-04-06 14:34:36;10.229.253.22
1592;234;185;16;4;2023-04-06 14:34:37;10.229.253.22
1593;236;200;210;6;2023-04-06 14:34:37;10.229.253.20
1594;234;185;16;4;2023-04-06 14:34:38;10.229.253.22
1595;213;166;69;4;2023-04-06 14:34:39;10.229.253.20
1596;23;127;212;11;2023-04-06 14:34:39;10.229.253.22
1597;240;249;63;4;2023-04-06 14:34:40;10.229.253.20
1598;139;8;19;14;2023-04-06 14:34:40;10.229.253.22
1599;126;223;133;5;2023-04-06 14:34:41;10.229.253.20
1600;69;242;182;3;2023-04-06 14:34:42;10.229.253.34
1601;192;62;17;1;2023-04-06 14:34:42;10.229.253.20
1602;87;243;67;5;2023-04-06 14:34:43;10.229.253.22
1603;125;15;29;14;2023-04-06 14:34:44;10.229.253.34
1604;84;116;112;8;2023-04-06 14:34:45;10.229.253.22
1605;13;29;220;11;2023-04-06 14:34:45;10.229.253.34
1606;177;152;226;10;2023-04-06 14:34:46;10.229.253.22
1607;22;183;215;3;2023-04-06 14:34:46;10.229.253.34
1608;114;95;36;13;2023-04-06 14:34:47;10.229.253.20
1609;215;212;41;4;2023-04-06 14:34:47;10.229.253.22
1610;173;246;63;5;2023-04-06 14:34:48;10.229.253.22
1611;163;136;117;8;2023-04-06 14:34:49;10.229.253.34
1612;200;59;79;2;2023-04-06 14:34:50;10.229.253.34
1613;126;150;211;3;2023-04-06 14:34:50;10.229.253.22
1614;112;13;57;2;2023-04-06 14:34:51;10.229.253.20
1615;150;240;57;5;2023-04-06 14:34:51;10.229.253.34
1616;40;124;96;13;2023-04-06 14:34:52;10.229.253.20
1617;158;149;170;0;2023-04-06 14:34:52;10.229.253.22
1618;44;189;33;5;2023-04-06 14:34:53;10.229.253.20
1619;183;206;103;5;2023-04-06 14:34:53;10.229.253.22
1620;145;19;62;14;2023-04-06 14:34:54;10.229.253.20
1621;250;30;106;2;2023-04-06 14:34:54;10.229.253.22
1622;149;148;60;4;2023-04-06 14:34:56;10.229.253.20
1623;180;135;206;10;2023-04-06 14:34:57;10.229.253.22
1624;17;145;64;13;2023-04-06 14:34:57;10.229.253.20
1625;183;241;201;0;2023-04-06 14:35:00;10.229.253.22
1626;115;136;178;11;2023-04-06 14:35:01;10.229.253.22
1627;181;7;3;14;2023-04-06 14:35:02;10.229.253.22
1628;13;51;250;11;2023-04-06 14:35:03;10.229.253.34
1629;98;204;159;5;2023-04-06 14:35:05;10.229.253.22
1630;197;46;26;14;2023-04-06 14:35:05;10.229.253.34
1631;120;174;222;3;2023-04-06 14:35:06;10.229.253.22
1632;38;196;227;3;2023-04-06 14:35:07;10.229.253.34
1633;201;212;17;4;2023-04-06 14:35:07;10.229.253.22
1634;72;8;84;10;2023-04-06 14:35:08;10.229.253.22
1635;78;5;73;10;2023-04-06 14:35:10;10.229.253.34
1636;200;162;62;4;2023-04-06 14:35:10;10.229.253.22
1637;219;211;186;0;2023-04-06 14:35:11;10.229.253.22
1638;219;52;143;2;2023-04-06 14:35:12;10.229.253.34
1639;9;204;100;13;2023-04-06 14:35:14;10.229.253.20
1640;41;250;236;3;2023-04-06 14:35:14;10.229.253.34
1641;105;69;120;10;2023-04-06 14:35:16;10.229.253.34
1642;92;235;4;5;2023-04-06 14:35:18;10.229.253.34
1643;234;117;14;1;2023-04-06 14:35:19;10.229.253.34
1644;215;84;225;2;2023-04-06 14:35:21;10.229.253.34
1645;192;90;151;2;2023-04-06 14:35:22;10.229.253.34
1646;88;151;14;13;2023-04-06 14:35:24;10.229.253.34
1647;26;215;97;5;2023-04-06 14:35:27;10.229.253.34
1648;40;43;188;11;2023-04-06 14:35:28;10.229.253.34
1649;243;188;143;1;2023-04-06 14:35:30;10.229.253.34
1650;113;83;166;10;2023-04-06 14:35:31;10.229.253.34
1651;238;51;15;14;2023-04-06 14:35:33;10.229.253.34
1652;232;168;135;1;2023-04-06 14:35:34;10.229.253.34
1653;158;33;227;2;2023-04-06 14:35:35;10.229.253.34
1654;42;160;231;3;2023-04-06 14:35:37;10.229.253.34
1655;253;253;100;4;2023-04-06 14:35:38;10.229.253.34
1656;90;147;100;13;2023-04-06 14:35:39;10.229.253.34
1657;61;170;3;13;2023-04-06 14:35:41;10.229.253.34
1658;208;10;19;14;2023-04-06 14:35:42;10.229.253.34
1659;209;165;210;6;2023-04-06 14:35:44;10.229.253.34
1660;189;108;47;1;2023-04-06 14:35:45;10.229.253.34
1661;191;187;64;4;2023-04-06 14:35:46;10.229.253.34
1662;46;84;78;7;2023-04-06 14:36:26;10.229.253.34
1663;154;114;238;10;2023-04-06 14:36:27;10.229.253.34
1664;162;128;149;6;2023-04-06 14:36:30;10.229.253.34
1665;39;182;54;5;2023-04-06 14:36:32;10.229.253.34
1666;160;154;67;4;2023-04-06 14:36:33;10.229.253.34
1667;13;92;154;11;2023-04-06 14:36:34;10.229.253.34
1668;67;9;68;10;2023-04-06 14:36:35;10.229.253.34
1669;92;157;64;13;2023-04-06 14:36:36;10.229.253.34
1670;235;93;60;1;2023-04-06 14:36:38;10.229.253.34
1671;184;157;245;10;2023-04-06 14:36:40;10.229.253.34
1672;226;162;187;6;2023-04-06 14:36:41;10.229.253.34
1673;179;212;86;5;2023-04-06 14:36:43;10.229.253.34
1674;0;115;201;11;2023-04-06 14:36:45;10.229.253.34
1675;212;219;134;4;2023-04-06 14:36:46;10.229.253.34
1676;3;243;164;3;2023-04-06 14:36:47;10.229.253.34
1677;140;248;165;5;2023-04-06 14:36:48;10.229.253.34
1678;179;110;184;10;2023-04-06 14:36:50;10.229.253.34
1679;189;87;22;1;2023-04-06 14:36:51;10.229.253.34
1680;58;10;208;11;2023-04-06 14:36:53;10.229.253.34
1681;222;91;75;6;2023-04-06 14:36:56;10.229.253.34
1682;204;229;73;4;2023-04-06 14:36:57;10.229.253.34
1683;224;133;228;2;2023-04-06 14:37:00;10.229.253.34
1684;149;121;100;12;2023-04-06 14:37:02;10.229.253.34
1685;234;210;136;4;2023-04-06 14:37:03;10.229.253.34
1686;212;39;45;14;2023-04-06 14:37:05;10.229.253.34
1687;9;162;21;13;2023-04-06 14:37:06;10.229.253.34
1688;114;36;47;12;2023-04-06 14:37:08;10.229.253.34
1689;175;77;153;2;2023-04-06 14:37:10;10.229.253.34
1690;18;19;10;15;2023-04-06 14:37:12;10.229.253.34
1691;132;141;242;11;2023-04-06 14:37:14;10.229.253.34
1692;158;155;241;11;2023-04-06 14:37:18;10.229.253.34
1693;248;242;89;4;2023-04-06 14:37:19;10.229.253.34
1694;46;224;250;3;2023-04-06 14:37:21;10.229.253.34
1695;37;167;123;13;2023-04-06 14:37:22;10.229.253.34
1696;38;236;166;5;2023-04-06 14:37:23;10.229.253.34
1697;57;8;182;11;2023-04-06 14:37:24;10.229.253.34
1698;154;48;242;10;2023-04-06 14:37:25;10.229.253.34
1699;83;232;213;3;2023-04-06 14:37:31;10.229.253.34
1700;21;91;228;11;2023-04-06 14:37:32;10.229.253.34
1701;47;37;93;10;2023-04-06 14:37:35;10.229.253.34
1702;177;43;34;14;2023-04-06 14:37:36;10.229.253.34
1703;184;15;31;14;2023-04-06 14:37:37;10.229.253.34
1704;148;148;144;8;2023-04-06 14:37:38;10.229.253.34
1705;124;152;144;8;2023-04-06 14:37:39;10.229.253.34
1706;37;235;236;3;2023-04-06 14:37:40;10.229.253.34
1707;126;205;165;13;2023-04-06 14:37:43;10.229.253.34
1708;66;89;90;15;2023-04-06 14:37:45;10.229.253.34
1709;187;0;244;10;2023-04-06 14:37:48;10.229.253.34
1710;102;235;98;5;2023-04-06 14:37:49;10.229.253.34
1711;166;251;182;5;2023-04-06 14:37:51;10.229.253.34
1712;254;34;86;14;2023-04-06 14:37:53;10.229.253.34
1713;5;201;249;3;2023-04-06 14:37:54;10.229.253.34
1714;209;117;51;1;2023-04-06 14:37:55;10.229.253.34
1715;5;169;10;13;2023-04-06 14:37:56;10.229.253.34
1716;245;241;32;4;2023-04-06 14:37:57;10.229.253.34
1717;119;178;68;13;2023-04-06 14:37:59;10.229.253.34
1718;127;212;35;13;2023-04-06 14:38:00;10.229.253.34
1719;71;193;216;3;2023-04-06 14:38:02;10.229.253.34
1720;4;247;82;5;2023-04-06 14:38:03;10.229.253.34
1721;100;175;2;13;2023-04-06 14:38:04;10.229.253.34
1722;119;14;51;14;2023-04-06 14:38:08;10.229.253.34
1723;61;134;20;13;2023-04-06 14:38:09;10.229.253.34
1724;122;5;104;10;2023-04-06 14:38:10;10.229.253.34
1725;244;61;163;2;2023-04-06 14:38:12;10.229.253.34
1726;54;232;208;3;2023-04-06 14:38:14;10.229.253.34
1727;214;120;246;2;2023-04-06 14:38:15;10.229.253.34
1728;37;180;179;3;2023-04-06 14:38:16;10.229.253.34
1729;195;72;67;14;2023-04-06 14:38:18;10.229.253.34
1730;48;77;159;11;2023-04-06 14:38:19;10.229.253.34
1731;211;203;90;4;2023-04-06 14:38:20;10.229.253.34
1732;230;222;49;4;2023-04-06 14:38:21;10.229.253.34
1733;142;179;2;5;2023-04-06 14:38:22;10.229.253.34
1734;248;181;55;1;2023-04-06 14:38:24;10.229.253.34
1735;38;78;133;11;2023-04-06 14:38:25;10.229.253.34
1736;57;4;117;10;2023-04-06 14:38:26;10.229.253.34
1737;133;75;27;12;2023-04-06 14:38:28;10.229.253.34
1738;230;200;240;6;2023-04-06 14:38:30;10.229.253.34
1739;4;30;36;15;2023-04-06 14:38:31;10.229.253.34
1740;100;74;230;10;2023-04-06 14:38:34;10.229.253.34
1741;155;112;87;12;2023-04-06 14:38:39;10.229.253.34
1742;102;169;169;3;2023-04-06 14:38:40;10.229.253.34
1743;226;138;18;1;2023-04-06 14:38:41;10.229.253.34
1744;72;80;224;11;2023-04-06 14:38:42;10.229.253.34
1745;18;77;189;11;2023-04-06 14:38:44;10.229.253.34
1746;10;23;16;15;2023-04-06 14:38:45;10.229.253.34
1747;216;32;140;2;2023-04-06 14:38:48;10.229.253.34
1748;229;142;31;1;2023-04-06 14:38:49;10.229.253.34
1749;187;146;180;10;2023-04-06 14:38:53;10.229.253.34
1750;16;178;213;3;2023-04-06 14:38:54;10.229.253.34
1751;227;163;221;6;2023-04-06 14:38:56;10.229.253.34
1752;147;35;216;10;2023-04-06 14:38:57;10.229.253.34
1753;54;185;74;13;2023-04-06 14:38:58;10.229.253.34
1754;192;45;201;2;2023-04-06 14:39:00;10.229.253.34
1755;116;188;46;5;2023-04-06 14:39:02;10.229.253.34
1756;148;168;68;5;2023-04-06 14:39:04;10.229.253.34
1757;110;141;222;11;2023-04-06 14:39:05;10.229.253.34
1758;248;182;7;4;2023-04-06 14:39:07;10.229.253.34
1759;212;4;91;2;2023-04-06 14:39:08;10.229.253.34
1760;17;246;248;3;2023-04-06 14:39:09;10.229.253.34
1761;202;53;123;2;2023-04-06 14:39:12;10.229.253.34
1762;148;3;96;2;2023-04-06 14:39:13;10.229.253.34
1763;27;225;25;5;2023-04-06 14:39:14;10.229.253.34
1764;115;99;14;12;2023-04-06 14:39:18;10.229.253.34
1765;149;71;78;12;2023-04-06 14:39:22;10.229.253.34
1766;38;39;178;11;2023-04-06 14:39:24;10.229.253.34
1767;105;230;100;5;2023-04-06 14:39:26;10.229.253.34
1768;90;13;203;10;2023-04-06 14:39:27;10.229.253.34
1769;81;199;143;13;2023-04-06 14:39:32;10.229.253.34
1770;94;219;97;13;2023-04-06 14:39:33;10.229.253.34
1771;222;166;101;1;2023-04-06 14:39:34;10.229.253.34
1772;211;237;165;4;2023-04-06 14:39:37;10.229.253.34
1773;160;113;81;12;2023-04-06 14:39:40;10.229.253.34
1774;164;107;108;12;2023-04-06 14:39:42;10.229.253.34
1775;58;204;145;3;2023-04-06 14:39:43;10.229.253.34
1776;170;208;210;8;2023-04-06 14:39:46;10.229.253.34
1777;163;80;42;1;2023-04-06 14:39:50;10.229.253.34
1778;96;187;4;13;2023-04-06 14:39:51;10.229.253.34
1779;230;50;6;14;2023-04-06 14:39:52;10.229.253.34
1780;2;194;90;13;2023-04-06 14:39:54;10.229.253.34
1781;211;191;90;4;2023-04-06 14:39:55;10.229.253.34
1782;180;190;143;8;2023-04-06 14:39:56;10.229.253.34
1783;211;30;68;2;2023-04-06 14:39:59;10.229.253.34
1784;19;239;149;3;2023-04-06 14:40:00;10.229.253.34
1785;206;36;155;2;2023-04-06 14:40:05;10.229.253.34
1786;58;50;61;7;2023-04-06 14:40:07;10.229.253.34
1787;79;148;2;13;2023-04-06 14:40:10;10.229.253.34
1788;183;52;48;14;2023-04-06 14:40:13;10.229.253.34
1789;83;208;165;3;2023-04-06 14:40:14;10.229.253.34
1790;59;62;240;11;2023-04-06 14:40:15;10.229.253.34
1791;126;30;23;12;2023-04-06 14:40:18;10.229.253.34
1792;109;231;226;3;2023-04-06 14:40:22;10.229.253.34
1793;81;252;77;5;2023-04-06 14:40:23;10.229.253.34
1794;235;213;219;6;2023-04-06 14:40:24;10.229.253.34
1795;231;228;42;4;2023-04-06 14:40:25;10.229.253.34
1796;28;8;154;11;2023-04-06 14:40:26;10.229.253.34
1797;247;46;63;14;2023-04-06 14:40:27;10.229.253.34
1798;49;20;123;11;2023-04-06 14:40:28;10.229.253.34
1799;205;240;192;0;2023-04-06 14:40:31;10.229.253.34
1800;161;246;121;5;2023-04-06 14:40:33;10.229.253.34
1801;76;236;175;5;2023-04-06 14:40:34;10.229.253.34
1802;53;61;177;11;2023-04-06 14:40:36;10.229.253.34
1803;183;162;78;4;2023-04-06 14:40:38;10.229.253.34
1804;74;93;114;8;2023-04-06 14:40:40;10.229.253.34
1805;245;195;18;4;2023-04-06 14:40:44;10.229.253.34
